Combo_ID,Combo_Description,Basic_Case_ID,Element_Key,OpenSees_IDs,Load_Type,Factor,Original_Val_Start,Factored_Val_Start,Original_Val_End,Factored_Val_End
101,Surcharge on Roof and int LL,1,Roof,"[170, 171, 172, 173, 174, 175, 176, 177]",-beamUniform,1.35,-10.0,-13.5,-10.0,-13.5
101,Surcharge on Roof and int LL,2,Roof,"[170, 171, 172, 173, 174, 175, 176, 177]",-beamUniform,1.35,-40.0,-54.0,-40.0,-54.0
101,Surcharge on Roof and int LL,2,Base_Slab_159_164,"[159, 160, 161, 162, 163]",-beamUniform,1.35,-6.4,-8.64,-6.4,-8.64
101,Surcharge on Roof and int LL,2,Base_Slab_166_169,"[166, 167, 168]",-beamUniform,1.35,-13.9,-18.765,-13.9,-18.765
101,Surcharge on Roof and int LL,2,Base_Slab_Pts,"[162, 164]",-nodal,1.35,-93.0,-125.55,-93.0,-125.55
101,Surcharge on Roof and int LL,2,Cant_Beam_Pts,"[179, 180]",-nodal,1.35,-450.0,-607.5,-250.0,-337.5
101,Surcharge on Roof and int LL,2,Roof_slab_joints,[175],-nodal,1.35,-350.0,-472.5000000000001,0.0,0.0
101,Surcharge on Roof and int LL,3,Roof,"[170, 171, 172, 173, 174, 175, 176, 177]",-beamUniform,1.35,,,,
101,Surcharge on Roof and int LL,4,Wall_left_19_48,"[1, 2, 3, 4, 5, 6, 7, 8, 9, 10, 11, 12, 13, 14, 15, 16, 17, 18, 19, 20, 21, 22, 23, 24, 25, 26, 27, 28, 29, 30, 31, 32, 33, 34, 35, 36, 37, 38, 39, 40, 41, 42, 43, 44, 45, 46, 47]",-beamUniform,1.35,0.0,0.0,114.2,154.17
101,Surcharge on Roof and int LL,5,Wall_right_98_122,"[81, 82, 83, 84, 85, 86, 87, 88, 89, 90, 91, 92, 93, 94, 95, 96, 97, 98, 99, 100, 101, 102, 103, 104, 105, 106, 107, 108, 109, 110, 111, 112, 113, 114, 115, 116, 117, 118, 119, 120, 121]",-beamUniform,1.35,0.0,0.0,-105.8,-142.83
101,Surcharge on Roof and int LL,5,Wall_right_165,165,-beamUniform,1.35,-101.7,-137.295,-105.8,-142.83
101,Surcharge on Roof and int LL,22,Roof,"[170, 171, 172, 173, 174, 175, 176, 177]",-beamUniform,1.35,,,,
101,Surcharge on Roof and int LL,23,Base_Slab_166_169,"[166, 167, 168]",-beamUniform,1.35,121.55,164.0925,121.55,164.0925
101,Surcharge on Roof and int LL,23,Base_Slab_159_164,"[159, 160, 161, 162, 163]",-beamUniform,1.35,130.7,176.445,130.7,176.445
101,Surcharge on Roof and int LL,24,Wall_left_19_48,"[1, 2, 3, 4, 5, 6, 7, 8, 9, 10, 11, 12, 13, 14, 15, 16, 17, 18, 19, 20, 21, 22, 23, 24, 25, 26, 27, 28, 29, 30, 31, 32, 33, 34, 35, 36, 37, 38, 39, 40, 41, 42, 43, 44, 45, 46, 47]",-beamUniform,1.35,0.0,0.0,126.7,171.045
101,Surcharge on Roof and int LL,25,Wall_right_98_122,"[81, 82, 83, 84, 85, 86, 87, 88, 89, 90, 91, 92, 93, 94, 95, 96, 97, 98, 99, 100, 101, 102, 103, 104, 105, 106, 107, 108, 109, 110, 111, 112, 113, 114, 115, 116, 117, 118, 119, 120, 121]",-beamUniform,1.35,0.0,0.0,-117.55,-158.6925
101,Surcharge on Roof and int LL,43,Roof,"[170, 171, 172, 173, 174, 175, 176, 177]",-beamUniform,1.35,,,,
101,Surcharge on Roof and int LL,54,Wall_Right,"[80, 81, 82, 83, 84, 85, 86, 87, 88, 89, 90, 91, 92, 93, 94, 95, 96, 97, 98, 99, 100, 101, 102, 103, 104, 105, 106, 107, 108, 109, 110, 111, 112, 113, 114, 115, 116, 117, 118, 119, 120, 121, 122, 123, 124, 125, 126, 127, 128, 129, 130, 131, 132, 133, 134, 135, 136, 137, 138, 139, 140, 141, 142, 143, 144, 145, 146, 147, 148, 149, 150, 151, 152, 153, 154, 155, 156, 157]",-beamUniform,1.35,,,,
101,Surcharge on Roof and int LL,45,Roof,"[170, 171, 172, 173, 174, 175, 176, 177]",-beamUniform,1.35,-25.0,-33.75,-25.0,-33.75
101,Surcharge on Roof and int LL,45,Cant_Beam_Pts,"[179, 180]",-nodal,1.35,-150.0,-202.5,-110.0,-148.5
101,Surcharge on Roof and int LL,45,Roof_slab_joints,[175],-nodal,1.35,-220.0,-297.0,0.0,0.0
101,Surcharge on Roof and int LL,46,Wall_left_19_48a,"[19, 20, 21, 22, 23, 24, 25, 26, 27, 28, 29, 30, 31, 32, 33, 34, 35, 36, 37, 38, 39, 40, 41, 42, 43, 44, 45, 46, 47]",-beamUniform,1.35,25.0,33.75,25.0,33.75
101,Surcharge on Roof and int LL,47,Wall_right_98_122a,"[98, 99, 100, 101, 102, 103, 104, 105, 106, 107, 108, 109, 110, 111, 112, 113, 114, 115, 116, 117, 118, 119, 120, 121]",-beamUniform,1.35,-25.0,-33.75,-25.0,-33.75
102,Surcharge on Roof and w/o int LL,1,Roof,"[170, 171, 172, 173, 174, 175, 176, 177]",-beamUniform,1.35,-10.0,-13.5,-10.0,-13.5
102,Surcharge on Roof and w/o int LL,2,Roof,"[170, 171, 172, 173, 174, 175, 176, 177]",-beamUniform,1.35,-40.0,-54.0,-40.0,-54.0
102,Surcharge on Roof and w/o int LL,2,Base_Slab_159_164,"[159, 160, 161, 162, 163]",-beamUniform,1.35,-6.4,-8.64,-6.4,-8.64
102,Surcharge on Roof and w/o int LL,2,Base_Slab_166_169,"[166, 167, 168]",-beamUniform,1.35,-13.9,-18.765,-13.9,-18.765
102,Surcharge on Roof and w/o int LL,2,Base_Slab_Pts,"[162, 164]",-nodal,1.35,-93.0,-125.55,-93.0,-125.55
102,Surcharge on Roof and w/o int LL,2,Cant_Beam_Pts,"[179, 180]",-nodal,1.35,-450.0,-607.5,-250.0,-337.5
102,Surcharge on Roof and w/o int LL,2,Roof_slab_joints,[175],-nodal,1.35,-350.0,-472.5000000000001,0.0,0.0
102,Surcharge on Roof and w/o int LL,3,Roof,"[170, 171, 172, 173, 174, 175, 176, 177]",-beamUniform,1.35,,,,
102,Surcharge on Roof and w/o int LL,4,Wall_left_19_48,"[1, 2, 3, 4, 5, 6, 7, 8, 9, 10, 11, 12, 13, 14, 15, 16, 17, 18, 19, 20, 21, 22, 23, 24, 25, 26, 27, 28, 29, 30, 31, 32, 33, 34, 35, 36, 37, 38, 39, 40, 41, 42, 43, 44, 45, 46, 47]",-beamUniform,1.35,0.0,0.0,114.2,154.17
102,Surcharge on Roof and w/o int LL,5,Wall_right_98_122,"[81, 82, 83, 84, 85, 86, 87, 88, 89, 90, 91, 92, 93, 94, 95, 96, 97, 98, 99, 100, 101, 102, 103, 104, 105, 106, 107, 108, 109, 110, 111, 112, 113, 114, 115, 116, 117, 118, 119, 120, 121]",-beamUniform,1.35,0.0,0.0,-105.8,-142.83
102,Surcharge on Roof and w/o int LL,5,Wall_right_165,165,-beamUniform,1.35,-101.7,-137.295,-105.8,-142.83
102,Surcharge on Roof and w/o int LL,22,Roof,"[170, 171, 172, 173, 174, 175, 176, 177]",-beamUniform,1.35,,,,
102,Surcharge on Roof and w/o int LL,23,Base_Slab_166_169,"[166, 167, 168]",-beamUniform,1.35,121.55,164.0925,121.55,164.0925
102,Surcharge on Roof and w/o int LL,23,Base_Slab_159_164,"[159, 160, 161, 162, 163]",-beamUniform,1.35,130.7,176.445,130.7,176.445
102,Surcharge on Roof and w/o int LL,24,Wall_left_19_48,"[1, 2, 3, 4, 5, 6, 7, 8, 9, 10, 11, 12, 13, 14, 15, 16, 17, 18, 19, 20, 21, 22, 23, 24, 25, 26, 27, 28, 29, 30, 31, 32, 33, 34, 35, 36, 37, 38, 39, 40, 41, 42, 43, 44, 45, 46, 47]",-beamUniform,1.35,0.0,0.0,126.7,171.045
102,Surcharge on Roof and w/o int LL,25,Wall_right_98_122,"[81, 82, 83, 84, 85, 86, 87, 88, 89, 90, 91, 92, 93, 94, 95, 96, 97, 98, 99, 100, 101, 102, 103, 104, 105, 106, 107, 108, 109, 110, 111, 112, 113, 114, 115, 116, 117, 118, 119, 120, 121]",-beamUniform,1.35,0.0,0.0,-117.55,-158.6925
102,Surcharge on Roof and w/o int LL,45,Roof,"[170, 171, 172, 173, 174, 175, 176, 177]",-beamUniform,1.35,-25.0,-33.75,-25.0,-33.75
102,Surcharge on Roof and w/o int LL,45,Cant_Beam_Pts,"[179, 180]",-nodal,1.35,-150.0,-202.5,-110.0,-148.5
102,Surcharge on Roof and w/o int LL,45,Roof_slab_joints,[175],-nodal,1.35,-220.0,-297.0,0.0,0.0
102,Surcharge on Roof and w/o int LL,46,Wall_left_19_48a,"[19, 20, 21, 22, 23, 24, 25, 26, 27, 28, 29, 30, 31, 32, 33, 34, 35, 36, 37, 38, 39, 40, 41, 42, 43, 44, 45, 46, 47]",-beamUniform,1.35,25.0,33.75,25.0,33.75
102,Surcharge on Roof and w/o int LL,47,Wall_right_98_122a,"[98, 99, 100, 101, 102, 103, 104, 105, 106, 107, 108, 109, 110, 111, 112, 113, 114, 115, 116, 117, 118, 119, 120, 121]",-beamUniform,1.35,-25.0,-33.75,-25.0,-33.75
103,GWT = +1.0m with int LL (no surcharge),1,Roof,"[170, 171, 172, 173, 174, 175, 176, 177]",-beamUniform,1.35,-10.0,-13.5,-10.0,-13.5
103,GWT = +1.0m with int LL (no surcharge),2,Roof,"[170, 171, 172, 173, 174, 175, 176, 177]",-beamUniform,1.35,-40.0,-54.0,-40.0,-54.0
103,GWT = +1.0m with int LL (no surcharge),2,Base_Slab_159_164,"[159, 160, 161, 162, 163]",-beamUniform,1.35,-6.4,-8.64,-6.4,-8.64
103,GWT = +1.0m with int LL (no surcharge),2,Base_Slab_166_169,"[166, 167, 168]",-beamUniform,1.35,-13.9,-18.765,-13.9,-18.765
103,GWT = +1.0m with int LL (no surcharge),2,Base_Slab_Pts,"[162, 164]",-nodal,1.35,-93.0,-125.55,-93.0,-125.55
103,GWT = +1.0m with int LL (no surcharge),2,Cant_Beam_Pts,"[179, 180]",-nodal,1.35,-450.0,-607.5,-250.0,-337.5
103,GWT = +1.0m with int LL (no surcharge),2,Roof_slab_joints,[175],-nodal,1.35,-350.0,-472.5000000000001,0.0,0.0
103,GWT = +1.0m with int LL (no surcharge),6,Roof,"[170, 171, 172, 173, 174, 175, 176, 177]",-beamUniform,1.35,,,,
103,GWT = +1.0m with int LL (no surcharge),7,Wall_left_19_48,"[1, 2, 3, 4, 5, 6, 7, 8, 9, 10, 11, 12, 13, 14, 15, 16, 17, 18, 19, 20, 21, 22, 23, 24, 25, 26, 27, 28, 29, 30, 31, 32, 33, 34, 35, 36, 37, 38, 39, 40, 41, 42, 43, 44, 45, 46, 47]",-beamUniform,1.35,0.0,0.0,114.03,153.9405
103,GWT = +1.0m with int LL (no surcharge),8,Wall_right_98_122,"[81, 82, 83, 84, 85, 86, 87, 88, 89, 90, 91, 92, 93, 94, 95, 96, 97, 98, 99, 100, 101, 102, 103, 104, 105, 106, 107, 108, 109, 110, 111, 112, 113, 114, 115, 116, 117, 118, 119, 120, 121]",-beamUniform,1.35,0.0,0.0,-105.8,-142.83
103,GWT = +1.0m with int LL (no surcharge),8,Wall_right_165,165,-beamUniform,1.35,-101.7,-137.295,-105.8,-142.83
103,GWT = +1.0m with int LL (no surcharge),26,Roof,"[170, 171, 172, 173, 174, 175, 176, 177]",-beamUniform,1.0,,,,
103,GWT = +1.0m with int LL (no surcharge),27,Base_Slab_166_169,"[166, 167, 168]",-beamUniform,1.0,131.5,131.5,131.5,131.5
103,GWT = +1.0m with int LL (no surcharge),27,Base_Slab_159_164,"[159, 160, 161, 162, 163]",-beamUniform,1.0,140.7,140.7,140.7,140.7
103,GWT = +1.0m with int LL (no surcharge),28,Wall_left_19_48,"[1, 2, 3, 4, 5, 6, 7, 8, 9, 10, 11, 12, 13, 14, 15, 16, 17, 18, 19, 20, 21, 22, 23, 24, 25, 26, 27, 28, 29, 30, 31, 32, 33, 34, 35, 36, 37, 38, 39, 40, 41, 42, 43, 44, 45, 46, 47]",-beamUniform,1.0,0.0,0.0,136.7,136.7
103,GWT = +1.0m with int LL (no surcharge),29,Wall_right_98_122,"[81, 82, 83, 84, 85, 86, 87, 88, 89, 90, 91, 92, 93, 94, 95, 96, 97, 98, 99, 100, 101, 102, 103, 104, 105, 106, 107, 108, 109, 110, 111, 112, 113, 114, 115, 116, 117, 118, 119, 120, 121]",-beamUniform,1.0,0.0,0.0,-127.55,-127.55
103,GWT = +1.0m with int LL (no surcharge),43,Roof,"[170, 171, 172, 173, 174, 175, 176, 177]",-beamUniform,1.5,,,,
103,GWT = +1.0m with int LL (no surcharge),54,Wall_Right,"[80, 81, 82, 83, 84, 85, 86, 87, 88, 89, 90, 91, 92, 93, 94, 95, 96, 97, 98, 99, 100, 101, 102, 103, 104, 105, 106, 107, 108, 109, 110, 111, 112, 113, 114, 115, 116, 117, 118, 119, 120, 121, 122, 123, 124, 125, 126, 127, 128, 129, 130, 131, 132, 133, 134, 135, 136, 137, 138, 139, 140, 141, 142, 143, 144, 145, 146, 147, 148, 149, 150, 151, 152, 153, 154, 155, 156, 157]",-beamUniform,1.5,,,,
104,GWT = +1.0m without int LL (no surcharge),1,Roof,"[170, 171, 172, 173, 174, 175, 176, 177]",-beamUniform,1.35,-10.0,-13.5,-10.0,-13.5
104,GWT = +1.0m without int LL (no surcharge),2,Roof,"[170, 171, 172, 173, 174, 175, 176, 177]",-beamUniform,1.35,-40.0,-54.0,-40.0,-54.0
104,GWT = +1.0m without int LL (no surcharge),2,Base_Slab_159_164,"[159, 160, 161, 162, 163]",-beamUniform,1.35,-6.4,-8.64,-6.4,-8.64
104,GWT = +1.0m without int LL (no surcharge),2,Base_Slab_166_169,"[166, 167, 168]",-beamUniform,1.35,-13.9,-18.765,-13.9,-18.765
104,GWT = +1.0m without int LL (no surcharge),2,Base_Slab_Pts,"[162, 164]",-nodal,1.35,-93.0,-125.55,-93.0,-125.55
104,GWT = +1.0m without int LL (no surcharge),2,Cant_Beam_Pts,"[179, 180]",-nodal,1.35,-450.0,-607.5,-250.0,-337.5
104,GWT = +1.0m without int LL (no surcharge),2,Roof_slab_joints,[175],-nodal,1.35,-350.0,-472.5000000000001,0.0,0.0
104,GWT = +1.0m without int LL (no surcharge),6,Roof,"[170, 171, 172, 173, 174, 175, 176, 177]",-beamUniform,1.35,,,,
104,GWT = +1.0m without int LL (no surcharge),7,Wall_left_19_48,"[1, 2, 3, 4, 5, 6, 7, 8, 9, 10, 11, 12, 13, 14, 15, 16, 17, 18, 19, 20, 21, 22, 23, 24, 25, 26, 27, 28, 29, 30, 31, 32, 33, 34, 35, 36, 37, 38, 39, 40, 41, 42, 43, 44, 45, 46, 47]",-beamUniform,1.35,0.0,0.0,114.03,153.9405
104,GWT = +1.0m without int LL (no surcharge),8,Wall_right_98_122,"[81, 82, 83, 84, 85, 86, 87, 88, 89, 90, 91, 92, 93, 94, 95, 96, 97, 98, 99, 100, 101, 102, 103, 104, 105, 106, 107, 108, 109, 110, 111, 112, 113, 114, 115, 116, 117, 118, 119, 120, 121]",-beamUniform,1.35,0.0,0.0,-105.8,-142.83
104,GWT = +1.0m without int LL (no surcharge),8,Wall_right_165,165,-beamUniform,1.35,-101.7,-137.295,-105.8,-142.83
104,GWT = +1.0m without int LL (no surcharge),26,Roof,"[170, 171, 172, 173, 174, 175, 176, 177]",-beamUniform,1.0,,,,
104,GWT = +1.0m without int LL (no surcharge),27,Base_Slab_166_169,"[166, 167, 168]",-beamUniform,1.0,131.5,131.5,131.5,131.5
104,GWT = +1.0m without int LL (no surcharge),27,Base_Slab_159_164,"[159, 160, 161, 162, 163]",-beamUniform,1.0,140.7,140.7,140.7,140.7
104,GWT = +1.0m without int LL (no surcharge),28,Wall_left_19_48,"[1, 2, 3, 4, 5, 6, 7, 8, 9, 10, 11, 12, 13, 14, 15, 16, 17, 18, 19, 20, 21, 22, 23, 24, 25, 26, 27, 28, 29, 30, 31, 32, 33, 34, 35, 36, 37, 38, 39, 40, 41, 42, 43, 44, 45, 46, 47]",-beamUniform,1.0,0.0,0.0,136.7,136.7
104,GWT = +1.0m without int LL (no surcharge),29,Wall_right_98_122,"[81, 82, 83, 84, 85, 86, 87, 88, 89, 90, 91, 92, 93, 94, 95, 96, 97, 98, 99, 100, 101, 102, 103, 104, 105, 106, 107, 108, 109, 110, 111, 112, 113, 114, 115, 116, 117, 118, 119, 120, 121]",-beamUniform,1.0,0.0,0.0,-127.55,-127.55
105,"GWT = FEL, surcharge on Roof and int LL Not Applicable to Top down construction",1,Roof,"[170, 171, 172, 173, 174, 175, 176, 177]",-beamUniform,1.35,-10.0,-13.5,-10.0,-13.5
105,"GWT = FEL, surcharge on Roof and int LL Not Applicable to Top down construction",2,Roof,"[170, 171, 172, 173, 174, 175, 176, 177]",-beamUniform,1.35,-40.0,-54.0,-40.0,-54.0
105,"GWT = FEL, surcharge on Roof and int LL Not Applicable to Top down construction",2,Base_Slab_159_164,"[159, 160, 161, 162, 163]",-beamUniform,1.35,-6.4,-8.64,-6.4,-8.64
105,"GWT = FEL, surcharge on Roof and int LL Not Applicable to Top down construction",2,Base_Slab_166_169,"[166, 167, 168]",-beamUniform,1.35,-13.9,-18.765,-13.9,-18.765
105,"GWT = FEL, surcharge on Roof and int LL Not Applicable to Top down construction",2,Base_Slab_Pts,"[162, 164]",-nodal,1.35,-93.0,-125.55,-93.0,-125.55
105,"GWT = FEL, surcharge on Roof and int LL Not Applicable to Top down construction",2,Cant_Beam_Pts,"[179, 180]",-nodal,1.35,-450.0,-607.5,-250.0,-337.5
105,"GWT = FEL, surcharge on Roof and int LL Not Applicable to Top down construction",2,Roof_slab_joints,[175],-nodal,1.35,-350.0,-472.5000000000001,0.0,0.0
105,"GWT = FEL, surcharge on Roof and int LL Not Applicable to Top down construction",19,Roof,"[170, 171, 172, 173, 174, 175, 176, 177]",-beamUniform,1.35,,,,
105,"GWT = FEL, surcharge on Roof and int LL Not Applicable to Top down construction",20,Wall_left_19_48,"[1, 2, 3, 4, 5, 6, 7, 8, 9, 10, 11, 12, 13, 14, 15, 16, 17, 18, 19, 20, 21, 22, 23, 24, 25, 26, 27, 28, 29, 30, 31, 32, 33, 34, 35, 36, 37, 38, 39, 40, 41, 42, 43, 44, 45, 46, 47]",-beamUniform,1.35,0.0,0.0,240.73,324.9855
105,"GWT = FEL, surcharge on Roof and int LL Not Applicable to Top down construction",21,Wall_right_98_122,"[81, 82, 83, 84, 85, 86, 87, 88, 89, 90, 91, 92, 93, 94, 95, 96, 97, 98, 99, 100, 101, 102, 103, 104, 105, 106, 107, 108, 109, 110, 111, 112, 113, 114, 115, 116, 117, 118, 119, 120, 121]",-beamUniform,1.35,0.0,0.0,-223.35,-301.5225
105,"GWT = FEL, surcharge on Roof and int LL Not Applicable to Top down construction",21,Wall_right_165,165,-beamUniform,1.35,-220.0,-297.0,-223.35,-301.5225
105,"GWT = FEL, surcharge on Roof and int LL Not Applicable to Top down construction",43,Roof,"[170, 171, 172, 173, 174, 175, 176, 177]",-beamUniform,1.5,,,,
105,"GWT = FEL, surcharge on Roof and int LL Not Applicable to Top down construction",44,Base_Slab,"[159, 160, 161, 162, 163, 164, 165, 166, 167, 168]",-beamUniform,1.5,-5.0,-7.5,-5.0,-7.5
105,"GWT = FEL, surcharge on Roof and int LL Not Applicable to Top down construction",54,Wall_Right,"[80, 81, 82, 83, 84, 85, 86, 87, 88, 89, 90, 91, 92, 93, 94, 95, 96, 97, 98, 99, 100, 101, 102, 103, 104, 105, 106, 107, 108, 109, 110, 111, 112, 113, 114, 115, 116, 117, 118, 119, 120, 121, 122, 123, 124, 125, 126, 127, 128, 129, 130, 131, 132, 133, 134, 135, 136, 137, 138, 139, 140, 141, 142, 143, 144, 145, 146, 147, 148, 149, 150, 151, 152, 153, 154, 155, 156, 157]",-beamUniform,1.5,,,,
105,"GWT = FEL, surcharge on Roof and int LL Not Applicable to Top down construction",45,Roof,"[170, 171, 172, 173, 174, 175, 176, 177]",-beamUniform,1.5,-25.0,-37.5,-25.0,-37.5
105,"GWT = FEL, surcharge on Roof and int LL Not Applicable to Top down construction",45,Cant_Beam_Pts,"[179, 180]",-nodal,1.5,-150.0,-225.0,-110.0,-165.0
105,"GWT = FEL, surcharge on Roof and int LL Not Applicable to Top down construction",45,Roof_slab_joints,[175],-nodal,1.5,-220.0,-330.0,0.0,0.0
105,"GWT = FEL, surcharge on Roof and int LL Not Applicable to Top down construction",46,Wall_left_19_48a,"[19, 20, 21, 22, 23, 24, 25, 26, 27, 28, 29, 30, 31, 32, 33, 34, 35, 36, 37, 38, 39, 40, 41, 42, 43, 44, 45, 46, 47]",-beamUniform,1.5,25.0,37.5,25.0,37.5
105,"GWT = FEL, surcharge on Roof and int LL Not Applicable to Top down construction",47,Wall_right_98_122a,"[98, 99, 100, 101, 102, 103, 104, 105, 106, 107, 108, 109, 110, 111, 112, 113, 114, 115, 116, 117, 118, 119, 120, 121]",-beamUniform,1.5,-25.0,-37.5,-25.0,-37.5
106,"GWT = FEL, surcharge on Roof and w/o int LL Not Applicable to Top down construction",1,Roof,"[170, 171, 172, 173, 174, 175, 176, 177]",-beamUniform,1.35,-10.0,-13.5,-10.0,-13.5
106,"GWT = FEL, surcharge on Roof and w/o int LL Not Applicable to Top down construction",2,Roof,"[170, 171, 172, 173, 174, 175, 176, 177]",-beamUniform,1.35,-40.0,-54.0,-40.0,-54.0
106,"GWT = FEL, surcharge on Roof and w/o int LL Not Applicable to Top down construction",2,Base_Slab_159_164,"[159, 160, 161, 162, 163]",-beamUniform,1.35,-6.4,-8.64,-6.4,-8.64
106,"GWT = FEL, surcharge on Roof and w/o int LL Not Applicable to Top down construction",2,Base_Slab_166_169,"[166, 167, 168]",-beamUniform,1.35,-13.9,-18.765,-13.9,-18.765
106,"GWT = FEL, surcharge on Roof and w/o int LL Not Applicable to Top down construction",2,Base_Slab_Pts,"[162, 164]",-nodal,1.35,-93.0,-125.55,-93.0,-125.55
106,"GWT = FEL, surcharge on Roof and w/o int LL Not Applicable to Top down construction",2,Cant_Beam_Pts,"[179, 180]",-nodal,1.35,-450.0,-607.5,-250.0,-337.5
106,"GWT = FEL, surcharge on Roof and w/o int LL Not Applicable to Top down construction",2,Roof_slab_joints,[175],-nodal,1.35,-350.0,-472.5000000000001,0.0,0.0
106,"GWT = FEL, surcharge on Roof and w/o int LL Not Applicable to Top down construction",19,Roof,"[170, 171, 172, 173, 174, 175, 176, 177]",-beamUniform,1.35,,,,
106,"GWT = FEL, surcharge on Roof and w/o int LL Not Applicable to Top down construction",20,Wall_left_19_48,"[1, 2, 3, 4, 5, 6, 7, 8, 9, 10, 11, 12, 13, 14, 15, 16, 17, 18, 19, 20, 21, 22, 23, 24, 25, 26, 27, 28, 29, 30, 31, 32, 33, 34, 35, 36, 37, 38, 39, 40, 41, 42, 43, 44, 45, 46, 47]",-beamUniform,1.35,0.0,0.0,240.73,324.9855
106,"GWT = FEL, surcharge on Roof and w/o int LL Not Applicable to Top down construction",21,Wall_right_98_122,"[81, 82, 83, 84, 85, 86, 87, 88, 89, 90, 91, 92, 93, 94, 95, 96, 97, 98, 99, 100, 101, 102, 103, 104, 105, 106, 107, 108, 109, 110, 111, 112, 113, 114, 115, 116, 117, 118, 119, 120, 121]",-beamUniform,1.35,0.0,0.0,-223.35,-301.5225
106,"GWT = FEL, surcharge on Roof and w/o int LL Not Applicable to Top down construction",21,Wall_right_165,165,-beamUniform,1.35,-220.0,-297.0,-223.35,-301.5225
106,"GWT = FEL, surcharge on Roof and w/o int LL Not Applicable to Top down construction",44,Base_Slab,"[159, 160, 161, 162, 163, 164, 165, 166, 167, 168]",-beamUniform,1.5,-5.0,-7.5,-5.0,-7.5
106,"GWT = FEL, surcharge on Roof and w/o int LL Not Applicable to Top down construction",54,Wall_Right,"[80, 81, 82, 83, 84, 85, 86, 87, 88, 89, 90, 91, 92, 93, 94, 95, 96, 97, 98, 99, 100, 101, 102, 103, 104, 105, 106, 107, 108, 109, 110, 111, 112, 113, 114, 115, 116, 117, 118, 119, 120, 121, 122, 123, 124, 125, 126, 127, 128, 129, 130, 131, 132, 133, 134, 135, 136, 137, 138, 139, 140, 141, 142, 143, 144, 145, 146, 147, 148, 149, 150, 151, 152, 153, 154, 155, 156, 157]",-beamUniform,1.5,,,,
106,"GWT = FEL, surcharge on Roof and w/o int LL Not Applicable to Top down construction",45,Roof,"[170, 171, 172, 173, 174, 175, 176, 177]",-beamUniform,1.5,-25.0,-37.5,-25.0,-37.5
106,"GWT = FEL, surcharge on Roof and w/o int LL Not Applicable to Top down construction",45,Cant_Beam_Pts,"[179, 180]",-nodal,1.5,-150.0,-225.0,-110.0,-165.0
106,"GWT = FEL, surcharge on Roof and w/o int LL Not Applicable to Top down construction",45,Roof_slab_joints,[175],-nodal,1.5,-220.0,-330.0,0.0,0.0
106,"GWT = FEL, surcharge on Roof and w/o int LL Not Applicable to Top down construction",46,Wall_left_19_48a,"[19, 20, 21, 22, 23, 24, 25, 26, 27, 28, 29, 30, 31, 32, 33, 34, 35, 36, 37, 38, 39, 40, 41, 42, 43, 44, 45, 46, 47]",-beamUniform,1.5,25.0,37.5,25.0,37.5
106,"GWT = FEL, surcharge on Roof and w/o int LL Not Applicable to Top down construction",47,Wall_right_98_122a,"[98, 99, 100, 101, 102, 103, 104, 105, 106, 107, 108, 109, 110, 111, 112, 113, 114, 115, 116, 117, 118, 119, 120, 121]",-beamUniform,1.5,-25.0,-37.5,-25.0,-37.5
201,GWT = -5.0m surcharge on Roof and int LL,1,Roof,"[170, 171, 172, 173, 174, 175, 176, 177]",-beamUniform,1.35,-10.0,-13.5,-10.0,-13.5
201,GWT = -5.0m surcharge on Roof and int LL,2,Roof,"[170, 171, 172, 173, 174, 175, 176, 177]",-beamUniform,1.35,-40.0,-54.0,-40.0,-54.0
201,GWT = -5.0m surcharge on Roof and int LL,2,Base_Slab_159_164,"[159, 160, 161, 162, 163]",-beamUniform,1.35,-6.4,-8.64,-6.4,-8.64
201,GWT = -5.0m surcharge on Roof and int LL,2,Base_Slab_166_169,"[166, 167, 168]",-beamUniform,1.35,-13.9,-18.765,-13.9,-18.765
201,GWT = -5.0m surcharge on Roof and int LL,2,Base_Slab_Pts,"[162, 164]",-nodal,1.35,-93.0,-125.55,-93.0,-125.55
201,GWT = -5.0m surcharge on Roof and int LL,2,Cant_Beam_Pts,"[179, 180]",-nodal,1.35,-450.0,-607.5,-250.0,-337.5
201,GWT = -5.0m surcharge on Roof and int LL,2,Roof_slab_joints,[175],-nodal,1.35,-350.0,-472.5000000000001,0.0,0.0
201,GWT = -5.0m surcharge on Roof and int LL,9,Roof,"[170, 171, 172, 173, 174, 175, 176, 177]",-beamUniform,1.35,,,,
201,GWT = -5.0m surcharge on Roof and int LL,10,Wall_left_19_48,"[1, 2, 3, 4, 5, 6, 7, 8, 9, 10, 11, 12, 13, 14, 15, 16, 17, 18, 19, 20, 21, 22, 23, 24, 25, 26, 27, 28, 29, 30, 31, 32, 33, 34, 35, 36, 37, 38, 39, 40, 41, 42, 43, 44, 45, 46, 47]",-beamUniform,1.0,0.0,0.0,54.68,54.68
201,GWT = -5.0m surcharge on Roof and int LL,11,Wall_right_98_122,"[81, 82, 83, 84, 85, 86, 87, 88, 89, 90, 91, 92, 93, 94, 95, 96, 97, 98, 99, 100, 101, 102, 103, 104, 105, 106, 107, 108, 109, 110, 111, 112, 113, 114, 115, 116, 117, 118, 119, 120, 121]",-beamUniform,1.0,0.0,0.0,-51.93,-51.93
201,GWT = -5.0m surcharge on Roof and int LL,11,Wall_right_165,165,-beamUniform,1.0,-51.93,-51.93,-61.0,-61.0
201,GWT = -5.0m surcharge on Roof and int LL,30,Base_Slab,"[159, 160, 161, 162, 163, 164, 165, 166, 167, 168]",-beamUniform,1.2,,,,
201,GWT = -5.0m surcharge on Roof and int LL,31,Base_Slab_166_169,"[166, 167, 168]",-beamUniform,1.2,71.5,85.8,71.5,85.8
201,GWT = -5.0m surcharge on Roof and int LL,31,Base_Slab_159_164,"[159, 160, 161, 162, 163]",-beamUniform,1.2,80.7,96.84,80.7,96.84
201,GWT = -5.0m surcharge on Roof and int LL,32,Wall_left_19_48a,"[19, 20, 21, 22, 23, 24, 25, 26, 27, 28, 29, 30, 31, 32, 33, 34, 35, 36, 37, 38, 39, 40, 41, 42, 43, 44, 45, 46, 47]",-beamUniform,1.0,0.0,0.0,76.6,76.6
201,GWT = -5.0m surcharge on Roof and int LL,33,Wall_right_98_122a,"[98, 99, 100, 101, 102, 103, 104, 105, 106, 107, 108, 109, 110, 111, 112, 113, 114, 115, 116, 117, 118, 119, 120, 121]",-beamUniform,1.0,0.0,0.0,-67.55,-67.55
201,GWT = -5.0m surcharge on Roof and int LL,43,Roof,"[170, 171, 172, 173, 174, 175, 176, 177]",-beamUniform,1.5,,,,
201,GWT = -5.0m surcharge on Roof and int LL,45,Roof,"[170, 171, 172, 173, 174, 175, 176, 177]",-beamUniform,1.5,-25.0,-37.5,-25.0,-37.5
201,GWT = -5.0m surcharge on Roof and int LL,45,Cant_Beam_Pts,"[179, 180]",-nodal,1.5,-150.0,-225.0,-110.0,-165.0
201,GWT = -5.0m surcharge on Roof and int LL,45,Roof_slab_joints,[175],-nodal,1.5,-220.0,-330.0,0.0,0.0
202,GWT = -5.0m surcharge on Roof and w/o int LL,1,Roof,"[170, 171, 172, 173, 174, 175, 176, 177]",-beamUniform,1.35,-10.0,-13.5,-10.0,-13.5
202,GWT = -5.0m surcharge on Roof and w/o int LL,2,Roof,"[170, 171, 172, 173, 174, 175, 176, 177]",-beamUniform,1.35,-40.0,-54.0,-40.0,-54.0
202,GWT = -5.0m surcharge on Roof and w/o int LL,2,Base_Slab_159_164,"[159, 160, 161, 162, 163]",-beamUniform,1.35,-6.4,-8.64,-6.4,-8.64
202,GWT = -5.0m surcharge on Roof and w/o int LL,2,Base_Slab_166_169,"[166, 167, 168]",-beamUniform,1.35,-13.9,-18.765,-13.9,-18.765
202,GWT = -5.0m surcharge on Roof and w/o int LL,2,Base_Slab_Pts,"[162, 164]",-nodal,1.35,-93.0,-125.55,-93.0,-125.55
202,GWT = -5.0m surcharge on Roof and w/o int LL,2,Cant_Beam_Pts,"[179, 180]",-nodal,1.35,-450.0,-607.5,-250.0,-337.5
202,GWT = -5.0m surcharge on Roof and w/o int LL,2,Roof_slab_joints,[175],-nodal,1.35,-350.0,-472.5000000000001,0.0,0.0
202,GWT = -5.0m surcharge on Roof and w/o int LL,9,Roof,"[170, 171, 172, 173, 174, 175, 176, 177]",-beamUniform,1.35,,,,
202,GWT = -5.0m surcharge on Roof and w/o int LL,10,Wall_left_19_48,"[1, 2, 3, 4, 5, 6, 7, 8, 9, 10, 11, 12, 13, 14, 15, 16, 17, 18, 19, 20, 21, 22, 23, 24, 25, 26, 27, 28, 29, 30, 31, 32, 33, 34, 35, 36, 37, 38, 39, 40, 41, 42, 43, 44, 45, 46, 47]",-beamUniform,1.0,0.0,0.0,54.68,54.68
202,GWT = -5.0m surcharge on Roof and w/o int LL,11,Wall_right_98_122,"[81, 82, 83, 84, 85, 86, 87, 88, 89, 90, 91, 92, 93, 94, 95, 96, 97, 98, 99, 100, 101, 102, 103, 104, 105, 106, 107, 108, 109, 110, 111, 112, 113, 114, 115, 116, 117, 118, 119, 120, 121]",-beamUniform,1.0,0.0,0.0,-51.93,-51.93
202,GWT = -5.0m surcharge on Roof and w/o int LL,11,Wall_right_165,165,-beamUniform,1.0,-51.93,-51.93,-61.0,-61.0
202,GWT = -5.0m surcharge on Roof and w/o int LL,30,Base_Slab,"[159, 160, 161, 162, 163, 164, 165, 166, 167, 168]",-beamUniform,1.2,,,,
202,GWT = -5.0m surcharge on Roof and w/o int LL,31,Base_Slab_166_169,"[166, 167, 168]",-beamUniform,1.2,71.5,85.8,71.5,85.8
202,GWT = -5.0m surcharge on Roof and w/o int LL,31,Base_Slab_159_164,"[159, 160, 161, 162, 163]",-beamUniform,1.2,80.7,96.84,80.7,96.84
202,GWT = -5.0m surcharge on Roof and w/o int LL,32,Wall_left_19_48a,"[19, 20, 21, 22, 23, 24, 25, 26, 27, 28, 29, 30, 31, 32, 33, 34, 35, 36, 37, 38, 39, 40, 41, 42, 43, 44, 45, 46, 47]",-beamUniform,1.0,0.0,0.0,76.6,76.6
202,GWT = -5.0m surcharge on Roof and w/o int LL,33,Wall_right_98_122a,"[98, 99, 100, 101, 102, 103, 104, 105, 106, 107, 108, 109, 110, 111, 112, 113, 114, 115, 116, 117, 118, 119, 120, 121]",-beamUniform,1.0,0.0,0.0,-67.55,-67.55
202,GWT = -5.0m surcharge on Roof and w/o int LL,45,Roof,"[170, 171, 172, 173, 174, 175, 176, 177]",-beamUniform,1.5,-25.0,-37.5,-25.0,-37.5
202,GWT = -5.0m surcharge on Roof and w/o int LL,45,Cant_Beam_Pts,"[179, 180]",-nodal,1.5,-150.0,-225.0,-110.0,-165.0
202,GWT = -5.0m surcharge on Roof and w/o int LL,45,Roof_slab_joints,[175],-nodal,1.5,-220.0,-330.0,0.0,0.0
301,"GWT = GL 1.5m top excavation, with int LL (no top surcharge)",1,Roof,"[170, 171, 172, 173, 174, 175, 176, 177]",-beamUniform,1.35,-10.0,-13.5,-10.0,-13.5
301,"GWT = GL 1.5m top excavation, with int LL (no top surcharge)",2,Roof,"[170, 171, 172, 173, 174, 175, 176, 177]",-beamUniform,1.35,-40.0,-54.0,-40.0,-54.0
301,"GWT = GL 1.5m top excavation, with int LL (no top surcharge)",2,Base_Slab_159_164,"[159, 160, 161, 162, 163]",-beamUniform,1.35,-6.4,-8.64,-6.4,-8.64
301,"GWT = GL 1.5m top excavation, with int LL (no top surcharge)",2,Base_Slab_166_169,"[166, 167, 168]",-beamUniform,1.35,-13.9,-18.765,-13.9,-18.765
301,"GWT = GL 1.5m top excavation, with int LL (no top surcharge)",2,Base_Slab_Pts,"[162, 164]",-nodal,1.35,-93.0,-125.55,-93.0,-125.55
301,"GWT = GL 1.5m top excavation, with int LL (no top surcharge)",2,Cant_Beam_Pts,"[179, 180]",-nodal,1.35,-450.0,-607.5,-250.0,-337.5
301,"GWT = GL 1.5m top excavation, with int LL (no top surcharge)",2,Roof_slab_joints,[175],-nodal,1.35,-350.0,-472.5000000000001,0.0,0.0
301,"GWT = GL 1.5m top excavation, with int LL (no top surcharge)",4,Wall_left_19_48,"[1, 2, 3, 4, 5, 6, 7, 8, 9, 10, 11, 12, 13, 14, 15, 16, 17, 18, 19, 20, 21, 22, 23, 24, 25, 26, 27, 28, 29, 30, 31, 32, 33, 34, 35, 36, 37, 38, 39, 40, 41, 42, 43, 44, 45, 46, 47]",-beamUniform,1.35,0.0,0.0,114.2,154.17
301,"GWT = GL 1.5m top excavation, with int LL (no top surcharge)",5,Wall_right_98_122,"[81, 82, 83, 84, 85, 86, 87, 88, 89, 90, 91, 92, 93, 94, 95, 96, 97, 98, 99, 100, 101, 102, 103, 104, 105, 106, 107, 108, 109, 110, 111, 112, 113, 114, 115, 116, 117, 118, 119, 120, 121]",-beamUniform,1.35,0.0,0.0,-105.8,-142.83
301,"GWT = GL 1.5m top excavation, with int LL (no top surcharge)",5,Wall_right_165,165,-beamUniform,1.35,-101.7,-137.295,-105.8,-142.83
301,"GWT = GL 1.5m top excavation, with int LL (no top surcharge)",12,Roof,"[170, 171, 172, 173, 174, 175, 176, 177]",-beamUniform,1.0,,,,
301,"GWT = GL 1.5m top excavation, with int LL (no top surcharge)",23,Base_Slab_166_169,"[166, 167, 168]",-beamUniform,1.0,121.55,121.55,121.55,121.55
301,"GWT = GL 1.5m top excavation, with int LL (no top surcharge)",23,Base_Slab_159_164,"[159, 160, 161, 162, 163]",-beamUniform,1.0,130.7,130.7,130.7,130.7
301,"GWT = GL 1.5m top excavation, with int LL (no top surcharge)",24,Wall_left_19_48,"[1, 2, 3, 4, 5, 6, 7, 8, 9, 10, 11, 12, 13, 14, 15, 16, 17, 18, 19, 20, 21, 22, 23, 24, 25, 26, 27, 28, 29, 30, 31, 32, 33, 34, 35, 36, 37, 38, 39, 40, 41, 42, 43, 44, 45, 46, 47]",-beamUniform,1.35,0.0,0.0,126.7,171.045
301,"GWT = GL 1.5m top excavation, with int LL (no top surcharge)",25,Wall_right_98_122,"[81, 82, 83, 84, 85, 86, 87, 88, 89, 90, 91, 92, 93, 94, 95, 96, 97, 98, 99, 100, 101, 102, 103, 104, 105, 106, 107, 108, 109, 110, 111, 112, 113, 114, 115, 116, 117, 118, 119, 120, 121]",-beamUniform,1.35,0.0,0.0,-117.55,-158.6925
301,"GWT = GL 1.5m top excavation, with int LL (no top surcharge)",34,Roof,"[170, 171, 172, 173, 174, 175, 176, 177]",-beamUniform,1.0,,,,
301,"GWT = GL 1.5m top excavation, with int LL (no top surcharge)",43,Roof,"[170, 171, 172, 173, 174, 175, 176, 177]",-beamUniform,1.5,,,,
301,"GWT = GL 1.5m top excavation, with int LL (no top surcharge)",44,Base_Slab,"[159, 160, 161, 162, 163, 164, 165, 166, 167, 168]",-beamUniform,1.5,-5.0,-7.5,-5.0,-7.5
301,"GWT = GL 1.5m top excavation, with int LL (no top surcharge)",54,Wall_Right,"[80, 81, 82, 83, 84, 85, 86, 87, 88, 89, 90, 91, 92, 93, 94, 95, 96, 97, 98, 99, 100, 101, 102, 103, 104, 105, 106, 107, 108, 109, 110, 111, 112, 113, 114, 115, 116, 117, 118, 119, 120, 121, 122, 123, 124, 125, 126, 127, 128, 129, 130, 131, 132, 133, 134, 135, 136, 137, 138, 139, 140, 141, 142, 143, 144, 145, 146, 147, 148, 149, 150, 151, 152, 153, 154, 155, 156, 157]",-beamUniform,1.5,,,,
301,"GWT = GL 1.5m top excavation, with int LL (no top surcharge)",46,Wall_left_19_48a,"[19, 20, 21, 22, 23, 24, 25, 26, 27, 28, 29, 30, 31, 32, 33, 34, 35, 36, 37, 38, 39, 40, 41, 42, 43, 44, 45, 46, 47]",-beamUniform,1.5,25.0,37.5,25.0,37.5
301,"GWT = GL 1.5m top excavation, with int LL (no top surcharge)",47,Wall_right_98_122a,"[98, 99, 100, 101, 102, 103, 104, 105, 106, 107, 108, 109, 110, 111, 112, 113, 114, 115, 116, 117, 118, 119, 120, 121]",-beamUniform,1.5,-25.0,-37.5,-25.0,-37.5
302,"GWT = GL 1.5m top excavation, no top surcharge w/o int LL",1,Roof,"[170, 171, 172, 173, 174, 175, 176, 177]",-beamUniform,1.35,-10.0,-13.5,-10.0,-13.5
302,"GWT = GL 1.5m top excavation, no top surcharge w/o int LL",2,Roof,"[170, 171, 172, 173, 174, 175, 176, 177]",-beamUniform,1.35,-40.0,-54.0,-40.0,-54.0
302,"GWT = GL 1.5m top excavation, no top surcharge w/o int LL",2,Base_Slab_159_164,"[159, 160, 161, 162, 163]",-beamUniform,1.35,-6.4,-8.64,-6.4,-8.64
302,"GWT = GL 1.5m top excavation, no top surcharge w/o int LL",2,Base_Slab_166_169,"[166, 167, 168]",-beamUniform,1.35,-13.9,-18.765,-13.9,-18.765
302,"GWT = GL 1.5m top excavation, no top surcharge w/o int LL",2,Base_Slab_Pts,"[162, 164]",-nodal,1.35,-93.0,-125.55,-93.0,-125.55
302,"GWT = GL 1.5m top excavation, no top surcharge w/o int LL",2,Cant_Beam_Pts,"[179, 180]",-nodal,1.35,-450.0,-607.5,-250.0,-337.5
302,"GWT = GL 1.5m top excavation, no top surcharge w/o int LL",2,Roof_slab_joints,[175],-nodal,1.35,-350.0,-472.5000000000001,0.0,0.0
302,"GWT = GL 1.5m top excavation, no top surcharge w/o int LL",4,Wall_left_19_48,"[1, 2, 3, 4, 5, 6, 7, 8, 9, 10, 11, 12, 13, 14, 15, 16, 17, 18, 19, 20, 21, 22, 23, 24, 25, 26, 27, 28, 29, 30, 31, 32, 33, 34, 35, 36, 37, 38, 39, 40, 41, 42, 43, 44, 45, 46, 47]",-beamUniform,1.35,0.0,0.0,114.2,154.17
302,"GWT = GL 1.5m top excavation, no top surcharge w/o int LL",5,Wall_right_98_122,"[81, 82, 83, 84, 85, 86, 87, 88, 89, 90, 91, 92, 93, 94, 95, 96, 97, 98, 99, 100, 101, 102, 103, 104, 105, 106, 107, 108, 109, 110, 111, 112, 113, 114, 115, 116, 117, 118, 119, 120, 121]",-beamUniform,1.35,0.0,0.0,-105.8,-142.83
302,"GWT = GL 1.5m top excavation, no top surcharge w/o int LL",5,Wall_right_165,165,-beamUniform,1.35,-101.7,-137.295,-105.8,-142.83
302,"GWT = GL 1.5m top excavation, no top surcharge w/o int LL",12,Roof,"[170, 171, 172, 173, 174, 175, 176, 177]",-beamUniform,1.0,,,,
302,"GWT = GL 1.5m top excavation, no top surcharge w/o int LL",23,Base_Slab_166_169,"[166, 167, 168]",-beamUniform,1.0,121.55,121.55,121.55,121.55
302,"GWT = GL 1.5m top excavation, no top surcharge w/o int LL",23,Base_Slab_159_164,"[159, 160, 161, 162, 163]",-beamUniform,1.0,130.7,130.7,130.7,130.7
302,"GWT = GL 1.5m top excavation, no top surcharge w/o int LL",24,Wall_left_19_48,"[1, 2, 3, 4, 5, 6, 7, 8, 9, 10, 11, 12, 13, 14, 15, 16, 17, 18, 19, 20, 21, 22, 23, 24, 25, 26, 27, 28, 29, 30, 31, 32, 33, 34, 35, 36, 37, 38, 39, 40, 41, 42, 43, 44, 45, 46, 47]",-beamUniform,1.35,0.0,0.0,126.7,171.045
302,"GWT = GL 1.5m top excavation, no top surcharge w/o int LL",25,Wall_right_98_122,"[81, 82, 83, 84, 85, 86, 87, 88, 89, 90, 91, 92, 93, 94, 95, 96, 97, 98, 99, 100, 101, 102, 103, 104, 105, 106, 107, 108, 109, 110, 111, 112, 113, 114, 115, 116, 117, 118, 119, 120, 121]",-beamUniform,1.35,0.0,0.0,-117.55,-158.6925
302,"GWT = GL 1.5m top excavation, no top surcharge w/o int LL",34,Roof,"[170, 171, 172, 173, 174, 175, 176, 177]",-beamUniform,1.0,,,,
302,"GWT = GL 1.5m top excavation, no top surcharge w/o int LL",44,Base_Slab,"[159, 160, 161, 162, 163, 164, 165, 166, 167, 168]",-beamUniform,1.5,-5.0,-7.5,-5.0,-7.5
302,"GWT = GL 1.5m top excavation, no top surcharge w/o int LL",54,Wall_Right,"[80, 81, 82, 83, 84, 85, 86, 87, 88, 89, 90, 91, 92, 93, 94, 95, 96, 97, 98, 99, 100, 101, 102, 103, 104, 105, 106, 107, 108, 109, 110, 111, 112, 113, 114, 115, 116, 117, 118, 119, 120, 121, 122, 123, 124, 125, 126, 127, 128, 129, 130, 131, 132, 133, 134, 135, 136, 137, 138, 139, 140, 141, 142, 143, 144, 145, 146, 147, 148, 149, 150, 151, 152, 153, 154, 155, 156, 157]",-beamUniform,1.5,,,,
302,"GWT = GL 1.5m top excavation, no top surcharge w/o int LL",46,Wall_left_19_48a,"[19, 20, 21, 22, 23, 24, 25, 26, 27, 28, 29, 30, 31, 32, 33, 34, 35, 36, 37, 38, 39, 40, 41, 42, 43, 44, 45, 46, 47]",-beamUniform,1.5,25.0,37.5,25.0,37.5
302,"GWT = GL 1.5m top excavation, no top surcharge w/o int LL",47,Wall_right_98_122a,"[98, 99, 100, 101, 102, 103, 104, 105, 106, 107, 108, 109, 110, 111, 112, 113, 114, 115, 116, 117, 118, 119, 120, 121]",-beamUniform,1.5,-25.0,-37.5,-25.0,-37.5
401,GWT = -1.5m / -4.5m surcharge on top and int LL,1,Roof,"[170, 171, 172, 173, 174, 175, 176, 177]",-beamUniform,1.35,-10.0,-13.5,-10.0,-13.5
401,GWT = -1.5m / -4.5m surcharge on top and int LL,2,Roof,"[170, 171, 172, 173, 174, 175, 176, 177]",-beamUniform,1.35,-40.0,-54.0,-40.0,-54.0
401,GWT = -1.5m / -4.5m surcharge on top and int LL,2,Base_Slab_159_164,"[159, 160, 161, 162, 163]",-beamUniform,1.35,-6.4,-8.64,-6.4,-8.64
401,GWT = -1.5m / -4.5m surcharge on top and int LL,2,Base_Slab_166_169,"[166, 167, 168]",-beamUniform,1.35,-13.9,-18.765,-13.9,-18.765
401,GWT = -1.5m / -4.5m surcharge on top and int LL,2,Base_Slab_Pts,"[162, 164]",-nodal,1.35,-93.0,-125.55,-93.0,-125.55
401,GWT = -1.5m / -4.5m surcharge on top and int LL,2,Cant_Beam_Pts,"[179, 180]",-nodal,1.35,-450.0,-607.5,-250.0,-337.5
401,GWT = -1.5m / -4.5m surcharge on top and int LL,2,Roof_slab_joints,[175],-nodal,1.35,-350.0,-472.5000000000001,0.0,0.0
401,GWT = -1.5m / -4.5m surcharge on top and int LL,13,Wall_left_19_48,"[1, 2, 3, 4, 5, 6, 7, 8, 9, 10, 11, 12, 13, 14, 15, 16, 17, 18, 19, 20, 21, 22, 23, 24, 25, 26, 27, 28, 29, 30, 31, 32, 33, 34, 35, 36, 37, 38, 39, 40, 41, 42, 43, 44, 45, 46, 47]",-beamUniform,1.35,0.0,0.0,129.03,174.1905
401,GWT = -1.5m / -4.5m surcharge on top and int LL,16,Wall_right_98_122,"[81, 82, 83, 84, 85, 86, 87, 88, 89, 90, 91, 92, 93, 94, 95, 96, 97, 98, 99, 100, 101, 102, 103, 104, 105, 106, 107, 108, 109, 110, 111, 112, 113, 114, 115, 116, 117, 118, 119, 120, 121]",-beamUniform,1.35,-29.4,-39.69,-50.27,-67.8645
401,GWT = -1.5m / -4.5m surcharge on top and int LL,16,Wall_right_165,165,-beamUniform,1.35,-50.0,-67.5,-50.27,-67.8645
401,GWT = -1.5m / -4.5m surcharge on top and int LL,17,Roof,"[170, 171, 172, 173, 174, 175, 176, 177]",-beamUniform,1.35,,,,
401,GWT = -1.5m / -4.5m surcharge on top and int LL,35,Wall_left_19_48,"[1, 2, 3, 4, 5, 6, 7, 8, 9, 10, 11, 12, 13, 14, 15, 16, 17, 18, 19, 20, 21, 22, 23, 24, 25, 26, 27, 28, 29, 30, 31, 32, 33, 34, 35, 36, 37, 38, 39, 40, 41, 42, 43, 44, 45, 46, 47]",-beamUniform,1.2,0.0,0.0,111.7,134.04
401,GWT = -1.5m / -4.5m surcharge on top and int LL,38,Wall_right_98_122a,"[98, 99, 100, 101, 102, 103, 104, 105, 106, 107, 108, 109, 110, 111, 112, 113, 114, 115, 116, 117, 118, 119, 120, 121]",-beamUniform,1.2,-3.0,-3.6,-72.55,-87.05999999999999
401,GWT = -1.5m / -4.5m surcharge on top and int LL,39,Roof,"[170, 171, 172, 173, 174, 175, 176, 177]",-beamUniform,1.2,,,,
401,GWT = -1.5m / -4.5m surcharge on top and int LL,40,Base_Slab_166_169,"[166, 167, 168]",-beamUniform,1.2,105.55,126.66,76.55,91.86
401,GWT = -1.5m / -4.5m surcharge on top and int LL,40,Base_Slab_159_164,"[159, 160, 161, 162, 163]",-beamUniform,1.2,115.7,138.84,85.7,102.84
401,GWT = -1.5m / -4.5m surcharge on top and int LL,43,Roof,"[170, 171, 172, 173, 174, 175, 176, 177]",-beamUniform,1.5,,,,
401,GWT = -1.5m / -4.5m surcharge on top and int LL,44,Base_Slab,"[159, 160, 161, 162, 163, 164, 165, 166, 167, 168]",-beamUniform,1.5,-5.0,-7.5,-5.0,-7.5
401,GWT = -1.5m / -4.5m surcharge on top and int LL,54,Wall_Right,"[80, 81, 82, 83, 84, 85, 86, 87, 88, 89, 90, 91, 92, 93, 94, 95, 96, 97, 98, 99, 100, 101, 102, 103, 104, 105, 106, 107, 108, 109, 110, 111, 112, 113, 114, 115, 116, 117, 118, 119, 120, 121, 122, 123, 124, 125, 126, 127, 128, 129, 130, 131, 132, 133, 134, 135, 136, 137, 138, 139, 140, 141, 142, 143, 144, 145, 146, 147, 148, 149, 150, 151, 152, 153, 154, 155, 156, 157]",-beamUniform,1.5,,,,
401,GWT = -1.5m / -4.5m surcharge on top and int LL,45,Roof,"[170, 171, 172, 173, 174, 175, 176, 177]",-beamUniform,1.5,-25.0,-37.5,-25.0,-37.5
401,GWT = -1.5m / -4.5m surcharge on top and int LL,45,Cant_Beam_Pts,"[179, 180]",-nodal,1.5,-150.0,-225.0,-110.0,-165.0
401,GWT = -1.5m / -4.5m surcharge on top and int LL,45,Roof_slab_joints,[175],-nodal,1.5,-220.0,-330.0,0.0,0.0
401,GWT = -1.5m / -4.5m surcharge on top and int LL,46,Wall_left_19_48a,"[19, 20, 21, 22, 23, 24, 25, 26, 27, 28, 29, 30, 31, 32, 33, 34, 35, 36, 37, 38, 39, 40, 41, 42, 43, 44, 45, 46, 47]",-beamUniform,1.5,25.0,37.5,25.0,37.5
402,GWT = -1.5m/-4.5m w/o surcharge on top and int LL,1,Roof,"[170, 171, 172, 173, 174, 175, 176, 177]",-beamUniform,1.35,-10.0,-13.5,-10.0,-13.5
402,GWT = -1.5m/-4.5m w/o surcharge on top and int LL,2,Roof,"[170, 171, 172, 173, 174, 175, 176, 177]",-beamUniform,1.35,-40.0,-54.0,-40.0,-54.0
402,GWT = -1.5m/-4.5m w/o surcharge on top and int LL,2,Base_Slab_159_164,"[159, 160, 161, 162, 163]",-beamUniform,1.35,-6.4,-8.64,-6.4,-8.64
402,GWT = -1.5m/-4.5m w/o surcharge on top and int LL,2,Base_Slab_166_169,"[166, 167, 168]",-beamUniform,1.35,-13.9,-18.765,-13.9,-18.765
402,GWT = -1.5m/-4.5m w/o surcharge on top and int LL,2,Base_Slab_Pts,"[162, 164]",-nodal,1.35,-93.0,-125.55,-93.0,-125.55
402,GWT = -1.5m/-4.5m w/o surcharge on top and int LL,2,Cant_Beam_Pts,"[179, 180]",-nodal,1.35,-450.0,-607.5,-250.0,-337.5
402,GWT = -1.5m/-4.5m w/o surcharge on top and int LL,2,Roof_slab_joints,[175],-nodal,1.35,-350.0,-472.5000000000001,0.0,0.0
402,GWT = -1.5m/-4.5m w/o surcharge on top and int LL,13,Wall_left_19_48,"[1, 2, 3, 4, 5, 6, 7, 8, 9, 10, 11, 12, 13, 14, 15, 16, 17, 18, 19, 20, 21, 22, 23, 24, 25, 26, 27, 28, 29, 30, 31, 32, 33, 34, 35, 36, 37, 38, 39, 40, 41, 42, 43, 44, 45, 46, 47]",-beamUniform,1.35,0.0,0.0,129.03,174.1905
402,GWT = -1.5m/-4.5m w/o surcharge on top and int LL,16,Wall_right_98_122,"[81, 82, 83, 84, 85, 86, 87, 88, 89, 90, 91, 92, 93, 94, 95, 96, 97, 98, 99, 100, 101, 102, 103, 104, 105, 106, 107, 108, 109, 110, 111, 112, 113, 114, 115, 116, 117, 118, 119, 120, 121]",-beamUniform,1.35,-29.4,-39.69,-50.27,-67.8645
402,GWT = -1.5m/-4.5m w/o surcharge on top and int LL,16,Wall_right_165,165,-beamUniform,1.35,-50.0,-67.5,-50.27,-67.8645
402,GWT = -1.5m/-4.5m w/o surcharge on top and int LL,17,Roof,"[170, 171, 172, 173, 174, 175, 176, 177]",-beamUniform,1.35,,,,
402,GWT = -1.5m/-4.5m w/o surcharge on top and int LL,35,Wall_left_19_48,"[1, 2, 3, 4, 5, 6, 7, 8, 9, 10, 11, 12, 13, 14, 15, 16, 17, 18, 19, 20, 21, 22, 23, 24, 25, 26, 27, 28, 29, 30, 31, 32, 33, 34, 35, 36, 37, 38, 39, 40, 41, 42, 43, 44, 45, 46, 47]",-beamUniform,1.2,0.0,0.0,111.7,134.04
402,GWT = -1.5m/-4.5m w/o surcharge on top and int LL,38,Wall_right_98_122a,"[98, 99, 100, 101, 102, 103, 104, 105, 106, 107, 108, 109, 110, 111, 112, 113, 114, 115, 116, 117, 118, 119, 120, 121]",-beamUniform,1.2,-3.0,-3.6,-72.55,-87.05999999999999
402,GWT = -1.5m/-4.5m w/o surcharge on top and int LL,39,Roof,"[170, 171, 172, 173, 174, 175, 176, 177]",-beamUniform,1.2,,,,
402,GWT = -1.5m/-4.5m w/o surcharge on top and int LL,40,Base_Slab_166_169,"[166, 167, 168]",-beamUniform,1.2,105.55,126.66,76.55,91.86
402,GWT = -1.5m/-4.5m w/o surcharge on top and int LL,40,Base_Slab_159_164,"[159, 160, 161, 162, 163]",-beamUniform,1.2,115.7,138.84,85.7,102.84
402,GWT = -1.5m/-4.5m w/o surcharge on top and int LL,46,Wall_left_19_48a,"[19, 20, 21, 22, 23, 24, 25, 26, 27, 28, 29, 30, 31, 32, 33, 34, 35, 36, 37, 38, 39, 40, 41, 42, 43, 44, 45, 46, 47]",-beamUniform,1.5,25.0,37.5,25.0,37.5
403,GWT = -4.5m/-1.5m surcharge on top and int LL,1,Roof,"[170, 171, 172, 173, 174, 175, 176, 177]",-beamUniform,1.35,-10.0,-13.5,-10.0,-13.5
403,GWT = -4.5m/-1.5m surcharge on top and int LL,2,Roof,"[170, 171, 172, 173, 174, 175, 176, 177]",-beamUniform,1.35,-40.0,-54.0,-40.0,-54.0
403,GWT = -4.5m/-1.5m surcharge on top and int LL,2,Base_Slab_159_164,"[159, 160, 161, 162, 163]",-beamUniform,1.35,-6.4,-8.64,-6.4,-8.64
403,GWT = -4.5m/-1.5m surcharge on top and int LL,2,Base_Slab_166_169,"[166, 167, 168]",-beamUniform,1.35,-13.9,-18.765,-13.9,-18.765
403,GWT = -4.5m/-1.5m surcharge on top and int LL,2,Base_Slab_Pts,"[162, 164]",-nodal,1.35,-93.0,-125.55,-93.0,-125.55
403,GWT = -4.5m/-1.5m surcharge on top and int LL,2,Cant_Beam_Pts,"[179, 180]",-nodal,1.35,-450.0,-607.5,-250.0,-337.5
403,GWT = -4.5m/-1.5m surcharge on top and int LL,2,Roof_slab_joints,[175],-nodal,1.35,-350.0,-472.5000000000001,0.0,0.0
403,GWT = -4.5m/-1.5m surcharge on top and int LL,14,Wall_right_98_122,"[81, 82, 83, 84, 85, 86, 87, 88, 89, 90, 91, 92, 93, 94, 95, 96, 97, 98, 99, 100, 101, 102, 103, 104, 105, 106, 107, 108, 109, 110, 111, 112, 113, 114, 115, 116, 117, 118, 119, 120, 121]",-beamUniform,1.35,0.0,0.0,-120.8,-163.08
403,GWT = -4.5m/-1.5m surcharge on top and int LL,14,Wall_right_165,165,-beamUniform,1.35,-105.8,-142.83,-101.7,-137.295
403,GWT = -4.5m/-1.5m surcharge on top and int LL,15,Wall_left_19_48,"[1, 2, 3, 4, 5, 6, 7, 8, 9, 10, 11, 12, 13, 14, 15, 16, 17, 18, 19, 20, 21, 22, 23, 24, 25, 26, 27, 28, 29, 30, 31, 32, 33, 34, 35, 36, 37, 38, 39, 40, 41, 42, 43, 44, 45, 46, 47]",-beamUniform,1.35,29.4,39.69,53.01,71.5635
403,GWT = -4.5m/-1.5m surcharge on top and int LL,18,Roof,"[170, 171, 172, 173, 174, 175, 176, 177]",-beamUniform,1.35,,,,
403,GWT = -4.5m/-1.5m surcharge on top and int LL,36,Wall_right_98_122,"[81, 82, 83, 84, 85, 86, 87, 88, 89, 90, 91, 92, 93, 94, 95, 96, 97, 98, 99, 100, 101, 102, 103, 104, 105, 106, 107, 108, 109, 110, 111, 112, 113, 114, 115, 116, 117, 118, 119, 120, 121]",-beamUniform,1.2,0.0,0.0,-102.55,-123.06
403,GWT = -4.5m/-1.5m surcharge on top and int LL,37,Wall_left_19_48a,"[19, 20, 21, 22, 23, 24, 25, 26, 27, 28, 29, 30, 31, 32, 33, 34, 35, 36, 37, 38, 39, 40, 41, 42, 43, 44, 45, 46, 47]",-beamUniform,1.2,3.0,3.6,81.7,98.04
403,GWT = -4.5m/-1.5m surcharge on top and int LL,41,Roof,"[170, 171, 172, 173, 174, 175, 176, 177]",-beamUniform,1.2,,,,
403,GWT = -4.5m/-1.5m surcharge on top and int LL,42,Base_Slab_166_169,"[166, 167, 168]",-beamUniform,1.2,76.55,91.86,106.55,127.86
403,GWT = -4.5m/-1.5m surcharge on top and int LL,42,Base_Slab_159_164,"[159, 160, 161, 162, 163]",-beamUniform,1.2,85.7,102.84,115.7,138.84
403,GWT = -4.5m/-1.5m surcharge on top and int LL,43,Roof,"[170, 171, 172, 173, 174, 175, 176, 177]",-beamUniform,1.5,,,,
403,GWT = -4.5m/-1.5m surcharge on top and int LL,44,Base_Slab,"[159, 160, 161, 162, 163, 164, 165, 166, 167, 168]",-beamUniform,1.5,-5.0,-7.5,-5.0,-7.5
403,GWT = -4.5m/-1.5m surcharge on top and int LL,54,Wall_Right,"[80, 81, 82, 83, 84, 85, 86, 87, 88, 89, 90, 91, 92, 93, 94, 95, 96, 97, 98, 99, 100, 101, 102, 103, 104, 105, 106, 107, 108, 109, 110, 111, 112, 113, 114, 115, 116, 117, 118, 119, 120, 121, 122, 123, 124, 125, 126, 127, 128, 129, 130, 131, 132, 133, 134, 135, 136, 137, 138, 139, 140, 141, 142, 143, 144, 145, 146, 147, 148, 149, 150, 151, 152, 153, 154, 155, 156, 157]",-beamUniform,1.5,,,,
403,GWT = -4.5m/-1.5m surcharge on top and int LL,45,Roof,"[170, 171, 172, 173, 174, 175, 176, 177]",-beamUniform,1.5,-25.0,-37.5,-25.0,-37.5
403,GWT = -4.5m/-1.5m surcharge on top and int LL,45,Cant_Beam_Pts,"[179, 180]",-nodal,1.5,-150.0,-225.0,-110.0,-165.0
403,GWT = -4.5m/-1.5m surcharge on top and int LL,45,Roof_slab_joints,[175],-nodal,1.5,-220.0,-330.0,0.0,0.0
403,GWT = -4.5m/-1.5m surcharge on top and int LL,47,Wall_right_98_122a,"[98, 99, 100, 101, 102, 103, 104, 105, 106, 107, 108, 109, 110, 111, 112, 113, 114, 115, 116, 117, 118, 119, 120, 121]",-beamUniform,1.5,-25.0,-37.5,-25.0,-37.5
404,GWT = -4.5m/-1.5m w/o surcharge on top and int LL,1,Roof,"[170, 171, 172, 173, 174, 175, 176, 177]",-beamUniform,1.35,-10.0,-13.5,-10.0,-13.5
404,GWT = -4.5m/-1.5m w/o surcharge on top and int LL,2,Roof,"[170, 171, 172, 173, 174, 175, 176, 177]",-beamUniform,1.35,-40.0,-54.0,-40.0,-54.0
404,GWT = -4.5m/-1.5m w/o surcharge on top and int LL,2,Base_Slab_159_164,"[159, 160, 161, 162, 163]",-beamUniform,1.35,-6.4,-8.64,-6.4,-8.64
404,GWT = -4.5m/-1.5m w/o surcharge on top and int LL,2,Base_Slab_166_169,"[166, 167, 168]",-beamUniform,1.35,-13.9,-18.765,-13.9,-18.765
404,GWT = -4.5m/-1.5m w/o surcharge on top and int LL,2,Base_Slab_Pts,"[162, 164]",-nodal,1.35,-93.0,-125.55,-93.0,-125.55
404,GWT = -4.5m/-1.5m w/o surcharge on top and int LL,2,Cant_Beam_Pts,"[179, 180]",-nodal,1.35,-450.0,-607.5,-250.0,-337.5
404,GWT = -4.5m/-1.5m w/o surcharge on top and int LL,2,Roof_slab_joints,[175],-nodal,1.35,-350.0,-472.5000000000001,0.0,0.0
404,GWT = -4.5m/-1.5m w/o surcharge on top and int LL,14,Wall_right_98_122,"[81, 82, 83, 84, 85, 86, 87, 88, 89, 90, 91, 92, 93, 94, 95, 96, 97, 98, 99, 100, 101, 102, 103, 104, 105, 106, 107, 108, 109, 110, 111, 112, 113, 114, 115, 116, 117, 118, 119, 120, 121]",-beamUniform,1.35,0.0,0.0,-120.8,-163.08
404,GWT = -4.5m/-1.5m w/o surcharge on top and int LL,14,Wall_right_165,165,-beamUniform,1.35,-105.8,-142.83,-101.7,-137.295
404,GWT = -4.5m/-1.5m w/o surcharge on top and int LL,15,Wall_left_19_48,"[1, 2, 3, 4, 5, 6, 7, 8, 9, 10, 11, 12, 13, 14, 15, 16, 17, 18, 19, 20, 21, 22, 23, 24, 25, 26, 27, 28, 29, 30, 31, 32, 33, 34, 35, 36, 37, 38, 39, 40, 41, 42, 43, 44, 45, 46, 47]",-beamUniform,1.35,29.4,39.69,53.01,71.5635
404,GWT = -4.5m/-1.5m w/o surcharge on top and int LL,18,Roof,"[170, 171, 172, 173, 174, 175, 176, 177]",-beamUniform,1.35,,,,
404,GWT = -4.5m/-1.5m w/o surcharge on top and int LL,36,Wall_right_98_122,"[81, 82, 83, 84, 85, 86, 87, 88, 89, 90, 91, 92, 93, 94, 95, 96, 97, 98, 99, 100, 101, 102, 103, 104, 105, 106, 107, 108, 109, 110, 111, 112, 113, 114, 115, 116, 117, 118, 119, 120, 121]",-beamUniform,1.2,0.0,0.0,-102.55,-123.06
404,GWT = -4.5m/-1.5m w/o surcharge on top and int LL,37,Wall_left_19_48a,"[19, 20, 21, 22, 23, 24, 25, 26, 27, 28, 29, 30, 31, 32, 33, 34, 35, 36, 37, 38, 39, 40, 41, 42, 43, 44, 45, 46, 47]",-beamUniform,1.2,3.0,3.6,81.7,98.04
404,GWT = -4.5m/-1.5m w/o surcharge on top and int LL,41,Roof,"[170, 171, 172, 173, 174, 175, 176, 177]",-beamUniform,1.2,,,,
404,GWT = -4.5m/-1.5m w/o surcharge on top and int LL,42,Base_Slab_166_169,"[166, 167, 168]",-beamUniform,1.2,76.55,91.86,106.55,127.86
404,GWT = -4.5m/-1.5m w/o surcharge on top and int LL,42,Base_Slab_159_164,"[159, 160, 161, 162, 163]",-beamUniform,1.2,85.7,102.84,115.7,138.84
404,GWT = -4.5m/-1.5m w/o surcharge on top and int LL,47,Wall_right_98_122a,"[98, 99, 100, 101, 102, 103, 104, 105, 106, 107, 108, 109, 110, 111, 112, 113, 114, 115, 116, 117, 118, 119, 120, 121]",-beamUniform,1.5,-25.0,-37.5,-25.0,-37.5
501,GWT = GL Surcharge on Roof and int LL (alt),2,Roof,"[170, 171, 172, 173, 174, 175, 176, 177]",-beamUniform,1.5,-40.0,-60.0,-40.0,-60.0
501,GWT = GL Surcharge on Roof and int LL (alt),2,Base_Slab_159_164,"[159, 160, 161, 162, 163]",-beamUniform,1.5,-6.4,-9.600000000000001,-6.4,-9.600000000000001
501,GWT = GL Surcharge on Roof and int LL (alt),2,Base_Slab_166_169,"[166, 167, 168]",-beamUniform,1.5,-13.9,-20.85,-13.9,-20.85
501,GWT = GL Surcharge on Roof and int LL (alt),2,Base_Slab_Pts,"[162, 164]",-nodal,1.5,-93.0,-139.5,-93.0,-139.5
501,GWT = GL Surcharge on Roof and int LL (alt),2,Cant_Beam_Pts,"[179, 180]",-nodal,1.5,-450.0,-675.0,-250.0,-375.0
501,GWT = GL Surcharge on Roof and int LL (alt),2,Roof_slab_joints,[175],-nodal,1.5,-350.0,-525.0,0.0,0.0
501,GWT = GL Surcharge on Roof and int LL (alt),43,Roof,"[170, 171, 172, 173, 174, 175, 176, 177]",-beamUniform,1.5,,,,
501,GWT = GL Surcharge on Roof and int LL (alt),54,Wall_Right,"[80, 81, 82, 83, 84, 85, 86, 87, 88, 89, 90, 91, 92, 93, 94, 95, 96, 97, 98, 99, 100, 101, 102, 103, 104, 105, 106, 107, 108, 109, 110, 111, 112, 113, 114, 115, 116, 117, 118, 119, 120, 121, 122, 123, 124, 125, 126, 127, 128, 129, 130, 131, 132, 133, 134, 135, 136, 137, 138, 139, 140, 141, 142, 143, 144, 145, 146, 147, 148, 149, 150, 151, 152, 153, 154, 155, 156, 157]",-beamUniform,1.5,,,,
501,GWT = GL Surcharge on Roof and int LL (alt),45,Roof,"[170, 171, 172, 173, 174, 175, 176, 177]",-beamUniform,1.5,-25.0,-37.5,-25.0,-37.5
501,GWT = GL Surcharge on Roof and int LL (alt),45,Cant_Beam_Pts,"[179, 180]",-nodal,1.5,-150.0,-225.0,-110.0,-165.0
501,GWT = GL Surcharge on Roof and int LL (alt),45,Roof_slab_joints,[175],-nodal,1.5,-220.0,-330.0,0.0,0.0
501,GWT = GL Surcharge on Roof and int LL (alt),46,Wall_left_19_48a,"[19, 20, 21, 22, 23, 24, 25, 26, 27, 28, 29, 30, 31, 32, 33, 34, 35, 36, 37, 38, 39, 40, 41, 42, 43, 44, 45, 46, 47]",-beamUniform,1.5,25.0,37.5,25.0,37.5
501,GWT = GL Surcharge on Roof and int LL (alt),47,Wall_right_98_122a,"[98, 99, 100, 101, 102, 103, 104, 105, 106, 107, 108, 109, 110, 111, 112, 113, 114, 115, 116, 117, 118, 119, 120, 121]",-beamUniform,1.5,-25.0,-37.5,-25.0,-37.5
501,GWT = GL Surcharge on Roof and int LL (alt),50,Roof,"[170, 171, 172, 173, 174, 175, 176, 177]",-beamUniform,1.35,,,,
501,GWT = GL Surcharge on Roof and int LL (alt),51,Roof,"[170, 171, 172, 173, 174, 175, 176, 177]",-beamUniform,1.35,,,,
502,GWT = +1.0m Surcharge on int LL (No surcharge on top),2,Roof,"[170, 171, 172, 173, 174, 175, 176, 177]",-beamUniform,1.35,-40.0,-54.0,-40.0,-54.0
502,GWT = +1.0m Surcharge on int LL (No surcharge on top),2,Base_Slab_159_164,"[159, 160, 161, 162, 163]",-beamUniform,1.35,-6.4,-8.64,-6.4,-8.64
502,GWT = +1.0m Surcharge on int LL (No surcharge on top),2,Base_Slab_166_169,"[166, 167, 168]",-beamUniform,1.35,-13.9,-18.765,-13.9,-18.765
502,GWT = +1.0m Surcharge on int LL (No surcharge on top),2,Base_Slab_Pts,"[162, 164]",-nodal,1.35,-93.0,-125.55,-93.0,-125.55
502,GWT = +1.0m Surcharge on int LL (No surcharge on top),2,Cant_Beam_Pts,"[179, 180]",-nodal,1.35,-450.0,-607.5,-250.0,-337.5
502,GWT = +1.0m Surcharge on int LL (No surcharge on top),2,Roof_slab_joints,[175],-nodal,1.35,-350.0,-472.5000000000001,0.0,0.0
502,GWT = +1.0m Surcharge on int LL (No surcharge on top),26,Roof,"[170, 171, 172, 173, 174, 175, 176, 177]",-beamUniform,1.0,,,,
502,GWT = +1.0m Surcharge on int LL (No surcharge on top),27,Base_Slab_166_169,"[166, 167, 168]",-beamUniform,1.0,131.5,131.5,131.5,131.5
502,GWT = +1.0m Surcharge on int LL (No surcharge on top),27,Base_Slab_159_164,"[159, 160, 161, 162, 163]",-beamUniform,1.0,140.7,140.7,140.7,140.7
502,GWT = +1.0m Surcharge on int LL (No surcharge on top),28,Wall_left_19_48,"[1, 2, 3, 4, 5, 6, 7, 8, 9, 10, 11, 12, 13, 14, 15, 16, 17, 18, 19, 20, 21, 22, 23, 24, 25, 26, 27, 28, 29, 30, 31, 32, 33, 34, 35, 36, 37, 38, 39, 40, 41, 42, 43, 44, 45, 46, 47]",-beamUniform,1.0,0.0,0.0,136.7,136.7
502,GWT = +1.0m Surcharge on int LL (No surcharge on top),29,Wall_right_98_122,"[81, 82, 83, 84, 85, 86, 87, 88, 89, 90, 91, 92, 93, 94, 95, 96, 97, 98, 99, 100, 101, 102, 103, 104, 105, 106, 107, 108, 109, 110, 111, 112, 113, 114, 115, 116, 117, 118, 119, 120, 121]",-beamUniform,1.0,0.0,0.0,-127.55,-127.55
502,GWT = +1.0m Surcharge on int LL (No surcharge on top),43,Roof,"[170, 171, 172, 173, 174, 175, 176, 177]",-beamUniform,1.5,,,,
502,GWT = +1.0m Surcharge on int LL (No surcharge on top),54,Wall_Right,"[80, 81, 82, 83, 84, 85, 86, 87, 88, 89, 90, 91, 92, 93, 94, 95, 96, 97, 98, 99, 100, 101, 102, 103, 104, 105, 106, 107, 108, 109, 110, 111, 112, 113, 114, 115, 116, 117, 118, 119, 120, 121, 122, 123, 124, 125, 126, 127, 128, 129, 130, 131, 132, 133, 134, 135, 136, 137, 138, 139, 140, 141, 142, 143, 144, 145, 146, 147, 148, 149, 150, 151, 152, 153, 154, 155, 156, 157]",-beamUniform,1.5,,,,
502,GWT = +1.0m Surcharge on int LL (No surcharge on top),50,Roof,"[170, 171, 172, 173, 174, 175, 176, 177]",-beamUniform,1.35,,,,
502,GWT = +1.0m Surcharge on int LL (No surcharge on top),51,Roof,"[170, 171, 172, 173, 174, 175, 176, 177]",-beamUniform,1.35,,,,
601,1.5m top excavation (no surcharge on top) with int LL,2,Roof,"[170, 171, 172, 173, 174, 175, 176, 177]",-beamUniform,1.35,-40.0,-54.0,-40.0,-54.0
601,1.5m top excavation (no surcharge on top) with int LL,2,Base_Slab_159_164,"[159, 160, 161, 162, 163]",-beamUniform,1.35,-6.4,-8.64,-6.4,-8.64
601,1.5m top excavation (no surcharge on top) with int LL,2,Base_Slab_166_169,"[166, 167, 168]",-beamUniform,1.35,-13.9,-18.765,-13.9,-18.765
601,1.5m top excavation (no surcharge on top) with int LL,2,Base_Slab_Pts,"[162, 164]",-nodal,1.35,-93.0,-125.55,-93.0,-125.55
601,1.5m top excavation (no surcharge on top) with int LL,2,Cant_Beam_Pts,"[179, 180]",-nodal,1.35,-450.0,-607.5,-250.0,-337.5
601,1.5m top excavation (no surcharge on top) with int LL,2,Roof_slab_joints,[175],-nodal,1.35,-350.0,-472.5000000000001,0.0,0.0
601,1.5m top excavation (no surcharge on top) with int LL,12,Roof,"[170, 171, 172, 173, 174, 175, 176, 177]",-beamUniform,1.0,,,,
601,1.5m top excavation (no surcharge on top) with int LL,34,Roof,"[170, 171, 172, 173, 174, 175, 176, 177]",-beamUniform,1.0,,,,
601,1.5m top excavation (no surcharge on top) with int LL,43,Roof,"[170, 171, 172, 173, 174, 175, 176, 177]",-beamUniform,1.5,,,,
601,1.5m top excavation (no surcharge on top) with int LL,44,Base_Slab,"[159, 160, 161, 162, 163, 164, 165, 166, 167, 168]",-beamUniform,1.5,-5.0,-7.5,-5.0,-7.5
601,1.5m top excavation (no surcharge on top) with int LL,54,Wall_Right,"[80, 81, 82, 83, 84, 85, 86, 87, 88, 89, 90, 91, 92, 93, 94, 95, 96, 97, 98, 99, 100, 101, 102, 103, 104, 105, 106, 107, 108, 109, 110, 111, 112, 113, 114, 115, 116, 117, 118, 119, 120, 121, 122, 123, 124, 125, 126, 127, 128, 129, 130, 131, 132, 133, 134, 135, 136, 137, 138, 139, 140, 141, 142, 143, 144, 145, 146, 147, 148, 149, 150, 151, 152, 153, 154, 155, 156, 157]",-beamUniform,1.5,,,,
601,1.5m top excavation (no surcharge on top) with int LL,46,Wall_left_19_48a,"[19, 20, 21, 22, 23, 24, 25, 26, 27, 28, 29, 30, 31, 32, 33, 34, 35, 36, 37, 38, 39, 40, 41, 42, 43, 44, 45, 46, 47]",-beamUniform,1.5,25.0,37.5,25.0,37.5
601,1.5m top excavation (no surcharge on top) with int LL,47,Wall_right_98_122a,"[98, 99, 100, 101, 102, 103, 104, 105, 106, 107, 108, 109, 110, 111, 112, 113, 114, 115, 116, 117, 118, 119, 120, 121]",-beamUniform,1.5,-25.0,-37.5,-25.0,-37.5
601,1.5m top excavation (no surcharge on top) with int LL,50,Roof,"[170, 171, 172, 173, 174, 175, 176, 177]",-beamUniform,1.35,,,,
601,1.5m top excavation (no surcharge on top) with int LL,51,Roof,"[170, 171, 172, 173, 174, 175, 176, 177]",-beamUniform,1.35,,,,
1001,Surcharge on Roof and int LL,1,Roof,"[170, 171, 172, 173, 174, 175, 176, 177]",-beamUniform,1.0,-10.0,-10.0,-10.0,-10.0
1001,Surcharge on Roof and int LL,2,Roof,"[170, 171, 172, 173, 174, 175, 176, 177]",-beamUniform,1.0,-40.0,-40.0,-40.0,-40.0
1001,Surcharge on Roof and int LL,2,Base_Slab_159_164,"[159, 160, 161, 162, 163]",-beamUniform,1.0,-6.4,-6.4,-6.4,-6.4
1001,Surcharge on Roof and int LL,2,Base_Slab_166_169,"[166, 167, 168]",-beamUniform,1.0,-13.9,-13.9,-13.9,-13.9
1001,Surcharge on Roof and int LL,2,Base_Slab_Pts,"[162, 164]",-nodal,1.0,-93.0,-93.0,-93.0,-93.0
1001,Surcharge on Roof and int LL,2,Cant_Beam_Pts,"[179, 180]",-nodal,1.0,-450.0,-450.0,-250.0,-250.0
1001,Surcharge on Roof and int LL,2,Roof_slab_joints,[175],-nodal,1.0,-350.0,-350.0,0.0,0.0
1001,Surcharge on Roof and int LL,3,Roof,"[170, 171, 172, 173, 174, 175, 176, 177]",-beamUniform,1.0,,,,
1001,Surcharge on Roof and int LL,4,Wall_left_19_48,"[1, 2, 3, 4, 5, 6, 7, 8, 9, 10, 11, 12, 13, 14, 15, 16, 17, 18, 19, 20, 21, 22, 23, 24, 25, 26, 27, 28, 29, 30, 31, 32, 33, 34, 35, 36, 37, 38, 39, 40, 41, 42, 43, 44, 45, 46, 47]",-beamUniform,1.0,0.0,0.0,114.2,114.2
1001,Surcharge on Roof and int LL,5,Wall_right_98_122,"[81, 82, 83, 84, 85, 86, 87, 88, 89, 90, 91, 92, 93, 94, 95, 96, 97, 98, 99, 100, 101, 102, 103, 104, 105, 106, 107, 108, 109, 110, 111, 112, 113, 114, 115, 116, 117, 118, 119, 120, 121]",-beamUniform,1.0,0.0,0.0,-105.8,-105.8
1001,Surcharge on Roof and int LL,5,Wall_right_165,165,-beamUniform,1.0,-101.7,-101.7,-105.8,-105.8
1001,Surcharge on Roof and int LL,22,Roof,"[170, 171, 172, 173, 174, 175, 176, 177]",-beamUniform,1.0,,,,
1001,Surcharge on Roof and int LL,23,Base_Slab_166_169,"[166, 167, 168]",-beamUniform,1.0,121.55,121.55,121.55,121.55
1001,Surcharge on Roof and int LL,23,Base_Slab_159_164,"[159, 160, 161, 162, 163]",-beamUniform,1.0,130.7,130.7,130.7,130.7
1001,Surcharge on Roof and int LL,24,Wall_left_19_48,"[1, 2, 3, 4, 5, 6, 7, 8, 9, 10, 11, 12, 13, 14, 15, 16, 17, 18, 19, 20, 21, 22, 23, 24, 25, 26, 27, 28, 29, 30, 31, 32, 33, 34, 35, 36, 37, 38, 39, 40, 41, 42, 43, 44, 45, 46, 47]",-beamUniform,1.0,0.0,0.0,126.7,126.7
1001,Surcharge on Roof and int LL,25,Wall_right_98_122,"[81, 82, 83, 84, 85, 86, 87, 88, 89, 90, 91, 92, 93, 94, 95, 96, 97, 98, 99, 100, 101, 102, 103, 104, 105, 106, 107, 108, 109, 110, 111, 112, 113, 114, 115, 116, 117, 118, 119, 120, 121]",-beamUniform,1.0,0.0,0.0,-117.55,-117.55
1001,Surcharge on Roof and int LL,43,Roof,"[170, 171, 172, 173, 174, 175, 176, 177]",-beamUniform,1.0,,,,
1001,Surcharge on Roof and int LL,54,Wall_Right,"[80, 81, 82, 83, 84, 85, 86, 87, 88, 89, 90, 91, 92, 93, 94, 95, 96, 97, 98, 99, 100, 101, 102, 103, 104, 105, 106, 107, 108, 109, 110, 111, 112, 113, 114, 115, 116, 117, 118, 119, 120, 121, 122, 123, 124, 125, 126, 127, 128, 129, 130, 131, 132, 133, 134, 135, 136, 137, 138, 139, 140, 141, 142, 143, 144, 145, 146, 147, 148, 149, 150, 151, 152, 153, 154, 155, 156, 157]",-beamUniform,1.0,,,,
1001,Surcharge on Roof and int LL,45,Roof,"[170, 171, 172, 173, 174, 175, 176, 177]",-beamUniform,1.0,-25.0,-25.0,-25.0,-25.0
1001,Surcharge on Roof and int LL,45,Cant_Beam_Pts,"[179, 180]",-nodal,1.0,-150.0,-150.0,-110.0,-110.0
1001,Surcharge on Roof and int LL,45,Roof_slab_joints,[175],-nodal,1.0,-220.0,-220.0,0.0,0.0
1001,Surcharge on Roof and int LL,46,Wall_left_19_48a,"[19, 20, 21, 22, 23, 24, 25, 26, 27, 28, 29, 30, 31, 32, 33, 34, 35, 36, 37, 38, 39, 40, 41, 42, 43, 44, 45, 46, 47]",-beamUniform,1.0,25.0,25.0,25.0,25.0
1001,Surcharge on Roof and int LL,47,Wall_right_98_122a,"[98, 99, 100, 101, 102, 103, 104, 105, 106, 107, 108, 109, 110, 111, 112, 113, 114, 115, 116, 117, 118, 119, 120, 121]",-beamUniform,1.0,-25.0,-25.0,-25.0,-25.0
1002,Surcharge on Roof and w/o int LL,1,Roof,"[170, 171, 172, 173, 174, 175, 176, 177]",-beamUniform,1.0,-10.0,-10.0,-10.0,-10.0
1002,Surcharge on Roof and w/o int LL,2,Roof,"[170, 171, 172, 173, 174, 175, 176, 177]",-beamUniform,1.0,-40.0,-40.0,-40.0,-40.0
1002,Surcharge on Roof and w/o int LL,2,Base_Slab_159_164,"[159, 160, 161, 162, 163]",-beamUniform,1.0,-6.4,-6.4,-6.4,-6.4
1002,Surcharge on Roof and w/o int LL,2,Base_Slab_166_169,"[166, 167, 168]",-beamUniform,1.0,-13.9,-13.9,-13.9,-13.9
1002,Surcharge on Roof and w/o int LL,2,Base_Slab_Pts,"[162, 164]",-nodal,1.0,-93.0,-93.0,-93.0,-93.0
1002,Surcharge on Roof and w/o int LL,2,Cant_Beam_Pts,"[179, 180]",-nodal,1.0,-450.0,-450.0,-250.0,-250.0
1002,Surcharge on Roof and w/o int LL,2,Roof_slab_joints,[175],-nodal,1.0,-350.0,-350.0,0.0,0.0
1002,Surcharge on Roof and w/o int LL,3,Roof,"[170, 171, 172, 173, 174, 175, 176, 177]",-beamUniform,1.0,,,,
1002,Surcharge on Roof and w/o int LL,4,Wall_left_19_48,"[1, 2, 3, 4, 5, 6, 7, 8, 9, 10, 11, 12, 13, 14, 15, 16, 17, 18, 19, 20, 21, 22, 23, 24, 25, 26, 27, 28, 29, 30, 31, 32, 33, 34, 35, 36, 37, 38, 39, 40, 41, 42, 43, 44, 45, 46, 47]",-beamUniform,1.0,0.0,0.0,114.2,114.2
1002,Surcharge on Roof and w/o int LL,5,Wall_right_98_122,"[81, 82, 83, 84, 85, 86, 87, 88, 89, 90, 91, 92, 93, 94, 95, 96, 97, 98, 99, 100, 101, 102, 103, 104, 105, 106, 107, 108, 109, 110, 111, 112, 113, 114, 115, 116, 117, 118, 119, 120, 121]",-beamUniform,1.0,0.0,0.0,-105.8,-105.8
1002,Surcharge on Roof and w/o int LL,5,Wall_right_165,165,-beamUniform,1.0,-101.7,-101.7,-105.8,-105.8
1002,Surcharge on Roof and w/o int LL,22,Roof,"[170, 171, 172, 173, 174, 175, 176, 177]",-beamUniform,1.0,,,,
1002,Surcharge on Roof and w/o int LL,23,Base_Slab_166_169,"[166, 167, 168]",-beamUniform,1.0,121.55,121.55,121.55,121.55
1002,Surcharge on Roof and w/o int LL,23,Base_Slab_159_164,"[159, 160, 161, 162, 163]",-beamUniform,1.0,130.7,130.7,130.7,130.7
1002,Surcharge on Roof and w/o int LL,24,Wall_left_19_48,"[1, 2, 3, 4, 5, 6, 7, 8, 9, 10, 11, 12, 13, 14, 15, 16, 17, 18, 19, 20, 21, 22, 23, 24, 25, 26, 27, 28, 29, 30, 31, 32, 33, 34, 35, 36, 37, 38, 39, 40, 41, 42, 43, 44, 45, 46, 47]",-beamUniform,1.0,0.0,0.0,126.7,126.7
1002,Surcharge on Roof and w/o int LL,25,Wall_right_98_122,"[81, 82, 83, 84, 85, 86, 87, 88, 89, 90, 91, 92, 93, 94, 95, 96, 97, 98, 99, 100, 101, 102, 103, 104, 105, 106, 107, 108, 109, 110, 111, 112, 113, 114, 115, 116, 117, 118, 119, 120, 121]",-beamUniform,1.0,0.0,0.0,-117.55,-117.55
1002,Surcharge on Roof and w/o int LL,45,Roof,"[170, 171, 172, 173, 174, 175, 176, 177]",-beamUniform,1.0,-25.0,-25.0,-25.0,-25.0
1002,Surcharge on Roof and w/o int LL,45,Cant_Beam_Pts,"[179, 180]",-nodal,1.0,-150.0,-150.0,-110.0,-110.0
1002,Surcharge on Roof and w/o int LL,45,Roof_slab_joints,[175],-nodal,1.0,-220.0,-220.0,0.0,0.0
1002,Surcharge on Roof and w/o int LL,46,Wall_left_19_48a,"[19, 20, 21, 22, 23, 24, 25, 26, 27, 28, 29, 30, 31, 32, 33, 34, 35, 36, 37, 38, 39, 40, 41, 42, 43, 44, 45, 46, 47]",-beamUniform,1.0,25.0,25.0,25.0,25.0
1002,Surcharge on Roof and w/o int LL,47,Wall_right_98_122a,"[98, 99, 100, 101, 102, 103, 104, 105, 106, 107, 108, 109, 110, 111, 112, 113, 114, 115, 116, 117, 118, 119, 120, 121]",-beamUniform,1.0,-25.0,-25.0,-25.0,-25.0
1003,GWT = +1.0m with int LL (no surcharge),1,Roof,"[170, 171, 172, 173, 174, 175, 176, 177]",-beamUniform,1.0,-10.0,-10.0,-10.0,-10.0
1003,GWT = +1.0m with int LL (no surcharge),2,Roof,"[170, 171, 172, 173, 174, 175, 176, 177]",-beamUniform,1.0,-40.0,-40.0,-40.0,-40.0
1003,GWT = +1.0m with int LL (no surcharge),2,Base_Slab_159_164,"[159, 160, 161, 162, 163]",-beamUniform,1.0,-6.4,-6.4,-6.4,-6.4
1003,GWT = +1.0m with int LL (no surcharge),2,Base_Slab_166_169,"[166, 167, 168]",-beamUniform,1.0,-13.9,-13.9,-13.9,-13.9
1003,GWT = +1.0m with int LL (no surcharge),2,Base_Slab_Pts,"[162, 164]",-nodal,1.0,-93.0,-93.0,-93.0,-93.0
1003,GWT = +1.0m with int LL (no surcharge),2,Cant_Beam_Pts,"[179, 180]",-nodal,1.0,-450.0,-450.0,-250.0,-250.0
1003,GWT = +1.0m with int LL (no surcharge),2,Roof_slab_joints,[175],-nodal,1.0,-350.0,-350.0,0.0,0.0
1003,GWT = +1.0m with int LL (no surcharge),6,Roof,"[170, 171, 172, 173, 174, 175, 176, 177]",-beamUniform,1.0,,,,
1003,GWT = +1.0m with int LL (no surcharge),7,Wall_left_19_48,"[1, 2, 3, 4, 5, 6, 7, 8, 9, 10, 11, 12, 13, 14, 15, 16, 17, 18, 19, 20, 21, 22, 23, 24, 25, 26, 27, 28, 29, 30, 31, 32, 33, 34, 35, 36, 37, 38, 39, 40, 41, 42, 43, 44, 45, 46, 47]",-beamUniform,1.0,0.0,0.0,114.03,114.03
1003,GWT = +1.0m with int LL (no surcharge),8,Wall_right_98_122,"[81, 82, 83, 84, 85, 86, 87, 88, 89, 90, 91, 92, 93, 94, 95, 96, 97, 98, 99, 100, 101, 102, 103, 104, 105, 106, 107, 108, 109, 110, 111, 112, 113, 114, 115, 116, 117, 118, 119, 120, 121]",-beamUniform,1.0,0.0,0.0,-105.8,-105.8
1003,GWT = +1.0m with int LL (no surcharge),8,Wall_right_165,165,-beamUniform,1.0,-101.7,-101.7,-105.8,-105.8
1003,GWT = +1.0m with int LL (no surcharge),26,Roof,"[170, 171, 172, 173, 174, 175, 176, 177]",-beamUniform,1.0,,,,
1003,GWT = +1.0m with int LL (no surcharge),27,Base_Slab_166_169,"[166, 167, 168]",-beamUniform,1.0,131.5,131.5,131.5,131.5
1003,GWT = +1.0m with int LL (no surcharge),27,Base_Slab_159_164,"[159, 160, 161, 162, 163]",-beamUniform,1.0,140.7,140.7,140.7,140.7
1003,GWT = +1.0m with int LL (no surcharge),28,Wall_left_19_48,"[1, 2, 3, 4, 5, 6, 7, 8, 9, 10, 11, 12, 13, 14, 15, 16, 17, 18, 19, 20, 21, 22, 23, 24, 25, 26, 27, 28, 29, 30, 31, 32, 33, 34, 35, 36, 37, 38, 39, 40, 41, 42, 43, 44, 45, 46, 47]",-beamUniform,1.0,0.0,0.0,136.7,136.7
1003,GWT = +1.0m with int LL (no surcharge),29,Wall_right_98_122,"[81, 82, 83, 84, 85, 86, 87, 88, 89, 90, 91, 92, 93, 94, 95, 96, 97, 98, 99, 100, 101, 102, 103, 104, 105, 106, 107, 108, 109, 110, 111, 112, 113, 114, 115, 116, 117, 118, 119, 120, 121]",-beamUniform,1.0,0.0,0.0,-127.55,-127.55
1003,GWT = +1.0m with int LL (no surcharge),43,Roof,"[170, 171, 172, 173, 174, 175, 176, 177]",-beamUniform,1.0,,,,
1003,GWT = +1.0m with int LL (no surcharge),54,Wall_Right,"[80, 81, 82, 83, 84, 85, 86, 87, 88, 89, 90, 91, 92, 93, 94, 95, 96, 97, 98, 99, 100, 101, 102, 103, 104, 105, 106, 107, 108, 109, 110, 111, 112, 113, 114, 115, 116, 117, 118, 119, 120, 121, 122, 123, 124, 125, 126, 127, 128, 129, 130, 131, 132, 133, 134, 135, 136, 137, 138, 139, 140, 141, 142, 143, 144, 145, 146, 147, 148, 149, 150, 151, 152, 153, 154, 155, 156, 157]",-beamUniform,1.0,,,,
1004,GWT = +1.0m without int LL (no surcharge),1,Roof,"[170, 171, 172, 173, 174, 175, 176, 177]",-beamUniform,1.0,-10.0,-10.0,-10.0,-10.0
1004,GWT = +1.0m without int LL (no surcharge),2,Roof,"[170, 171, 172, 173, 174, 175, 176, 177]",-beamUniform,1.0,-40.0,-40.0,-40.0,-40.0
1004,GWT = +1.0m without int LL (no surcharge),2,Base_Slab_159_164,"[159, 160, 161, 162, 163]",-beamUniform,1.0,-6.4,-6.4,-6.4,-6.4
1004,GWT = +1.0m without int LL (no surcharge),2,Base_Slab_166_169,"[166, 167, 168]",-beamUniform,1.0,-13.9,-13.9,-13.9,-13.9
1004,GWT = +1.0m without int LL (no surcharge),2,Base_Slab_Pts,"[162, 164]",-nodal,1.0,-93.0,-93.0,-93.0,-93.0
1004,GWT = +1.0m without int LL (no surcharge),2,Cant_Beam_Pts,"[179, 180]",-nodal,1.0,-450.0,-450.0,-250.0,-250.0
1004,GWT = +1.0m without int LL (no surcharge),2,Roof_slab_joints,[175],-nodal,1.0,-350.0,-350.0,0.0,0.0
1004,GWT = +1.0m without int LL (no surcharge),6,Roof,"[170, 171, 172, 173, 174, 175, 176, 177]",-beamUniform,1.0,,,,
1004,GWT = +1.0m without int LL (no surcharge),7,Wall_left_19_48,"[1, 2, 3, 4, 5, 6, 7, 8, 9, 10, 11, 12, 13, 14, 15, 16, 17, 18, 19, 20, 21, 22, 23, 24, 25, 26, 27, 28, 29, 30, 31, 32, 33, 34, 35, 36, 37, 38, 39, 40, 41, 42, 43, 44, 45, 46, 47]",-beamUniform,1.0,0.0,0.0,114.03,114.03
1004,GWT = +1.0m without int LL (no surcharge),8,Wall_right_98_122,"[81, 82, 83, 84, 85, 86, 87, 88, 89, 90, 91, 92, 93, 94, 95, 96, 97, 98, 99, 100, 101, 102, 103, 104, 105, 106, 107, 108, 109, 110, 111, 112, 113, 114, 115, 116, 117, 118, 119, 120, 121]",-beamUniform,1.0,0.0,0.0,-105.8,-105.8
1004,GWT = +1.0m without int LL (no surcharge),8,Wall_right_165,165,-beamUniform,1.0,-101.7,-101.7,-105.8,-105.8
1004,GWT = +1.0m without int LL (no surcharge),26,Roof,"[170, 171, 172, 173, 174, 175, 176, 177]",-beamUniform,1.0,,,,
1004,GWT = +1.0m without int LL (no surcharge),27,Base_Slab_166_169,"[166, 167, 168]",-beamUniform,1.0,131.5,131.5,131.5,131.5
1004,GWT = +1.0m without int LL (no surcharge),27,Base_Slab_159_164,"[159, 160, 161, 162, 163]",-beamUniform,1.0,140.7,140.7,140.7,140.7
1004,GWT = +1.0m without int LL (no surcharge),28,Wall_left_19_48,"[1, 2, 3, 4, 5, 6, 7, 8, 9, 10, 11, 12, 13, 14, 15, 16, 17, 18, 19, 20, 21, 22, 23, 24, 25, 26, 27, 28, 29, 30, 31, 32, 33, 34, 35, 36, 37, 38, 39, 40, 41, 42, 43, 44, 45, 46, 47]",-beamUniform,1.0,0.0,0.0,136.7,136.7
1004,GWT = +1.0m without int LL (no surcharge),29,Wall_right_98_122,"[81, 82, 83, 84, 85, 86, 87, 88, 89, 90, 91, 92, 93, 94, 95, 96, 97, 98, 99, 100, 101, 102, 103, 104, 105, 106, 107, 108, 109, 110, 111, 112, 113, 114, 115, 116, 117, 118, 119, 120, 121]",-beamUniform,1.0,0.0,0.0,-127.55,-127.55
1005,"GWT = FEL, surcharge on Roof and int LL Not Applicable to Top down construction",1,Roof,"[170, 171, 172, 173, 174, 175, 176, 177]",-beamUniform,1.0,-10.0,-10.0,-10.0,-10.0
1005,"GWT = FEL, surcharge on Roof and int LL Not Applicable to Top down construction",2,Roof,"[170, 171, 172, 173, 174, 175, 176, 177]",-beamUniform,1.0,-40.0,-40.0,-40.0,-40.0
1005,"GWT = FEL, surcharge on Roof and int LL Not Applicable to Top down construction",2,Base_Slab_159_164,"[159, 160, 161, 162, 163]",-beamUniform,1.0,-6.4,-6.4,-6.4,-6.4
1005,"GWT = FEL, surcharge on Roof and int LL Not Applicable to Top down construction",2,Base_Slab_166_169,"[166, 167, 168]",-beamUniform,1.0,-13.9,-13.9,-13.9,-13.9
1005,"GWT = FEL, surcharge on Roof and int LL Not Applicable to Top down construction",2,Base_Slab_Pts,"[162, 164]",-nodal,1.0,-93.0,-93.0,-93.0,-93.0
1005,"GWT = FEL, surcharge on Roof and int LL Not Applicable to Top down construction",2,Cant_Beam_Pts,"[179, 180]",-nodal,1.0,-450.0,-450.0,-250.0,-250.0
1005,"GWT = FEL, surcharge on Roof and int LL Not Applicable to Top down construction",2,Roof_slab_joints,[175],-nodal,1.0,-350.0,-350.0,0.0,0.0
1005,"GWT = FEL, surcharge on Roof and int LL Not Applicable to Top down construction",19,Roof,"[170, 171, 172, 173, 174, 175, 176, 177]",-beamUniform,1.0,,,,
1005,"GWT = FEL, surcharge on Roof and int LL Not Applicable to Top down construction",20,Wall_left_19_48,"[1, 2, 3, 4, 5, 6, 7, 8, 9, 10, 11, 12, 13, 14, 15, 16, 17, 18, 19, 20, 21, 22, 23, 24, 25, 26, 27, 28, 29, 30, 31, 32, 33, 34, 35, 36, 37, 38, 39, 40, 41, 42, 43, 44, 45, 46, 47]",-beamUniform,1.0,0.0,0.0,240.73,240.73
1005,"GWT = FEL, surcharge on Roof and int LL Not Applicable to Top down construction",21,Wall_right_98_122,"[81, 82, 83, 84, 85, 86, 87, 88, 89, 90, 91, 92, 93, 94, 95, 96, 97, 98, 99, 100, 101, 102, 103, 104, 105, 106, 107, 108, 109, 110, 111, 112, 113, 114, 115, 116, 117, 118, 119, 120, 121]",-beamUniform,1.0,0.0,0.0,-223.35,-223.35
1005,"GWT = FEL, surcharge on Roof and int LL Not Applicable to Top down construction",21,Wall_right_165,165,-beamUniform,1.0,-220.0,-220.0,-223.35,-223.35
1005,"GWT = FEL, surcharge on Roof and int LL Not Applicable to Top down construction",43,Roof,"[170, 171, 172, 173, 174, 175, 176, 177]",-beamUniform,1.0,,,,
1005,"GWT = FEL, surcharge on Roof and int LL Not Applicable to Top down construction",44,Base_Slab,"[159, 160, 161, 162, 163, 164, 165, 166, 167, 168]",-beamUniform,1.0,-5.0,-5.0,-5.0,-5.0
1005,"GWT = FEL, surcharge on Roof and int LL Not Applicable to Top down construction",54,Wall_Right,"[80, 81, 82, 83, 84, 85, 86, 87, 88, 89, 90, 91, 92, 93, 94, 95, 96, 97, 98, 99, 100, 101, 102, 103, 104, 105, 106, 107, 108, 109, 110, 111, 112, 113, 114, 115, 116, 117, 118, 119, 120, 121, 122, 123, 124, 125, 126, 127, 128, 129, 130, 131, 132, 133, 134, 135, 136, 137, 138, 139, 140, 141, 142, 143, 144, 145, 146, 147, 148, 149, 150, 151, 152, 153, 154, 155, 156, 157]",-beamUniform,1.0,,,,
1005,"GWT = FEL, surcharge on Roof and int LL Not Applicable to Top down construction",45,Roof,"[170, 171, 172, 173, 174, 175, 176, 177]",-beamUniform,1.0,-25.0,-25.0,-25.0,-25.0
1005,"GWT = FEL, surcharge on Roof and int LL Not Applicable to Top down construction",45,Cant_Beam_Pts,"[179, 180]",-nodal,1.0,-150.0,-150.0,-110.0,-110.0
1005,"GWT = FEL, surcharge on Roof and int LL Not Applicable to Top down construction",45,Roof_slab_joints,[175],-nodal,1.0,-220.0,-220.0,0.0,0.0
1005,"GWT = FEL, surcharge on Roof and int LL Not Applicable to Top down construction",46,Wall_left_19_48a,"[19, 20, 21, 22, 23, 24, 25, 26, 27, 28, 29, 30, 31, 32, 33, 34, 35, 36, 37, 38, 39, 40, 41, 42, 43, 44, 45, 46, 47]",-beamUniform,1.0,25.0,25.0,25.0,25.0
1005,"GWT = FEL, surcharge on Roof and int LL Not Applicable to Top down construction",47,Wall_right_98_122a,"[98, 99, 100, 101, 102, 103, 104, 105, 106, 107, 108, 109, 110, 111, 112, 113, 114, 115, 116, 117, 118, 119, 120, 121]",-beamUniform,1.0,-25.0,-25.0,-25.0,-25.0
1006,"GWT = FEL, surcharge on Roof and w/o int LL Not Applicable to Top down construction",1,Roof,"[170, 171, 172, 173, 174, 175, 176, 177]",-beamUniform,1.0,-10.0,-10.0,-10.0,-10.0
1006,"GWT = FEL, surcharge on Roof and w/o int LL Not Applicable to Top down construction",2,Roof,"[170, 171, 172, 173, 174, 175, 176, 177]",-beamUniform,1.0,-40.0,-40.0,-40.0,-40.0
1006,"GWT = FEL, surcharge on Roof and w/o int LL Not Applicable to Top down construction",2,Base_Slab_159_164,"[159, 160, 161, 162, 163]",-beamUniform,1.0,-6.4,-6.4,-6.4,-6.4
1006,"GWT = FEL, surcharge on Roof and w/o int LL Not Applicable to Top down construction",2,Base_Slab_166_169,"[166, 167, 168]",-beamUniform,1.0,-13.9,-13.9,-13.9,-13.9
1006,"GWT = FEL, surcharge on Roof and w/o int LL Not Applicable to Top down construction",2,Base_Slab_Pts,"[162, 164]",-nodal,1.0,-93.0,-93.0,-93.0,-93.0
1006,"GWT = FEL, surcharge on Roof and w/o int LL Not Applicable to Top down construction",2,Cant_Beam_Pts,"[179, 180]",-nodal,1.0,-450.0,-450.0,-250.0,-250.0
1006,"GWT = FEL, surcharge on Roof and w/o int LL Not Applicable to Top down construction",2,Roof_slab_joints,[175],-nodal,1.0,-350.0,-350.0,0.0,0.0
1006,"GWT = FEL, surcharge on Roof and w/o int LL Not Applicable to Top down construction",19,Roof,"[170, 171, 172, 173, 174, 175, 176, 177]",-beamUniform,1.0,,,,
1006,"GWT = FEL, surcharge on Roof and w/o int LL Not Applicable to Top down construction",20,Wall_left_19_48,"[1, 2, 3, 4, 5, 6, 7, 8, 9, 10, 11, 12, 13, 14, 15, 16, 17, 18, 19, 20, 21, 22, 23, 24, 25, 26, 27, 28, 29, 30, 31, 32, 33, 34, 35, 36, 37, 38, 39, 40, 41, 42, 43, 44, 45, 46, 47]",-beamUniform,1.0,0.0,0.0,240.73,240.73
1006,"GWT = FEL, surcharge on Roof and w/o int LL Not Applicable to Top down construction",21,Wall_right_98_122,"[81, 82, 83, 84, 85, 86, 87, 88, 89, 90, 91, 92, 93, 94, 95, 96, 97, 98, 99, 100, 101, 102, 103, 104, 105, 106, 107, 108, 109, 110, 111, 112, 113, 114, 115, 116, 117, 118, 119, 120, 121]",-beamUniform,1.0,0.0,0.0,-223.35,-223.35
1006,"GWT = FEL, surcharge on Roof and w/o int LL Not Applicable to Top down construction",21,Wall_right_165,165,-beamUniform,1.0,-220.0,-220.0,-223.35,-223.35
1006,"GWT = FEL, surcharge on Roof and w/o int LL Not Applicable to Top down construction",44,Base_Slab,"[159, 160, 161, 162, 163, 164, 165, 166, 167, 168]",-beamUniform,1.0,-5.0,-5.0,-5.0,-5.0
1006,"GWT = FEL, surcharge on Roof and w/o int LL Not Applicable to Top down construction",54,Wall_Right,"[80, 81, 82, 83, 84, 85, 86, 87, 88, 89, 90, 91, 92, 93, 94, 95, 96, 97, 98, 99, 100, 101, 102, 103, 104, 105, 106, 107, 108, 109, 110, 111, 112, 113, 114, 115, 116, 117, 118, 119, 120, 121, 122, 123, 124, 125, 126, 127, 128, 129, 130, 131, 132, 133, 134, 135, 136, 137, 138, 139, 140, 141, 142, 143, 144, 145, 146, 147, 148, 149, 150, 151, 152, 153, 154, 155, 156, 157]",-beamUniform,1.0,,,,
1006,"GWT = FEL, surcharge on Roof and w/o int LL Not Applicable to Top down construction",45,Roof,"[170, 171, 172, 173, 174, 175, 176, 177]",-beamUniform,1.0,-25.0,-25.0,-25.0,-25.0
1006,"GWT = FEL, surcharge on Roof and w/o int LL Not Applicable to Top down construction",45,Cant_Beam_Pts,"[179, 180]",-nodal,1.0,-150.0,-150.0,-110.0,-110.0
1006,"GWT = FEL, surcharge on Roof and w/o int LL Not Applicable to Top down construction",45,Roof_slab_joints,[175],-nodal,1.0,-220.0,-220.0,0.0,0.0
1006,"GWT = FEL, surcharge on Roof and w/o int LL Not Applicable to Top down construction",46,Wall_left_19_48a,"[19, 20, 21, 22, 23, 24, 25, 26, 27, 28, 29, 30, 31, 32, 33, 34, 35, 36, 37, 38, 39, 40, 41, 42, 43, 44, 45, 46, 47]",-beamUniform,1.0,25.0,25.0,25.0,25.0
1006,"GWT = FEL, surcharge on Roof and w/o int LL Not Applicable to Top down construction",47,Wall_right_98_122a,"[98, 99, 100, 101, 102, 103, 104, 105, 106, 107, 108, 109, 110, 111, 112, 113, 114, 115, 116, 117, 118, 119, 120, 121]",-beamUniform,1.0,-25.0,-25.0,-25.0,-25.0
2001,GWT = -5.0m surcharge on Roof and int LL,1,Roof,"[170, 171, 172, 173, 174, 175, 176, 177]",-beamUniform,1.0,-10.0,-10.0,-10.0,-10.0
2001,GWT = -5.0m surcharge on Roof and int LL,2,Roof,"[170, 171, 172, 173, 174, 175, 176, 177]",-beamUniform,1.0,-40.0,-40.0,-40.0,-40.0
2001,GWT = -5.0m surcharge on Roof and int LL,2,Base_Slab_159_164,"[159, 160, 161, 162, 163]",-beamUniform,1.0,-6.4,-6.4,-6.4,-6.4
2001,GWT = -5.0m surcharge on Roof and int LL,2,Base_Slab_166_169,"[166, 167, 168]",-beamUniform,1.0,-13.9,-13.9,-13.9,-13.9
2001,GWT = -5.0m surcharge on Roof and int LL,2,Base_Slab_Pts,"[162, 164]",-nodal,1.0,-93.0,-93.0,-93.0,-93.0
2001,GWT = -5.0m surcharge on Roof and int LL,2,Cant_Beam_Pts,"[179, 180]",-nodal,1.0,-450.0,-450.0,-250.0,-250.0
2001,GWT = -5.0m surcharge on Roof and int LL,2,Roof_slab_joints,[175],-nodal,1.0,-350.0,-350.0,0.0,0.0
2001,GWT = -5.0m surcharge on Roof and int LL,9,Roof,"[170, 171, 172, 173, 174, 175, 176, 177]",-beamUniform,1.0,,,,
2001,GWT = -5.0m surcharge on Roof and int LL,10,Wall_left_19_48,"[1, 2, 3, 4, 5, 6, 7, 8, 9, 10, 11, 12, 13, 14, 15, 16, 17, 18, 19, 20, 21, 22, 23, 24, 25, 26, 27, 28, 29, 30, 31, 32, 33, 34, 35, 36, 37, 38, 39, 40, 41, 42, 43, 44, 45, 46, 47]",-beamUniform,1.0,0.0,0.0,54.68,54.68
2001,GWT = -5.0m surcharge on Roof and int LL,11,Wall_right_98_122,"[81, 82, 83, 84, 85, 86, 87, 88, 89, 90, 91, 92, 93, 94, 95, 96, 97, 98, 99, 100, 101, 102, 103, 104, 105, 106, 107, 108, 109, 110, 111, 112, 113, 114, 115, 116, 117, 118, 119, 120, 121]",-beamUniform,1.0,0.0,0.0,-51.93,-51.93
2001,GWT = -5.0m surcharge on Roof and int LL,11,Wall_right_165,165,-beamUniform,1.0,-51.93,-51.93,-61.0,-61.0
2001,GWT = -5.0m surcharge on Roof and int LL,30,Base_Slab,"[159, 160, 161, 162, 163, 164, 165, 166, 167, 168]",-beamUniform,1.0,,,,
2001,GWT = -5.0m surcharge on Roof and int LL,31,Base_Slab_166_169,"[166, 167, 168]",-beamUniform,1.0,71.5,71.5,71.5,71.5
2001,GWT = -5.0m surcharge on Roof and int LL,31,Base_Slab_159_164,"[159, 160, 161, 162, 163]",-beamUniform,1.0,80.7,80.7,80.7,80.7
2001,GWT = -5.0m surcharge on Roof and int LL,32,Wall_left_19_48a,"[19, 20, 21, 22, 23, 24, 25, 26, 27, 28, 29, 30, 31, 32, 33, 34, 35, 36, 37, 38, 39, 40, 41, 42, 43, 44, 45, 46, 47]",-beamUniform,1.0,0.0,0.0,76.6,76.6
2001,GWT = -5.0m surcharge on Roof and int LL,33,Wall_right_98_122a,"[98, 99, 100, 101, 102, 103, 104, 105, 106, 107, 108, 109, 110, 111, 112, 113, 114, 115, 116, 117, 118, 119, 120, 121]",-beamUniform,1.0,0.0,0.0,-67.55,-67.55
2001,GWT = -5.0m surcharge on Roof and int LL,43,Roof,"[170, 171, 172, 173, 174, 175, 176, 177]",-beamUniform,1.0,,,,
2001,GWT = -5.0m surcharge on Roof and int LL,45,Roof,"[170, 171, 172, 173, 174, 175, 176, 177]",-beamUniform,1.0,-25.0,-25.0,-25.0,-25.0
2001,GWT = -5.0m surcharge on Roof and int LL,45,Cant_Beam_Pts,"[179, 180]",-nodal,1.0,-150.0,-150.0,-110.0,-110.0
2001,GWT = -5.0m surcharge on Roof and int LL,45,Roof_slab_joints,[175],-nodal,1.0,-220.0,-220.0,0.0,0.0
2002,GWT = -5.0m surcharge on Roof and w/o int LL,1,Roof,"[170, 171, 172, 173, 174, 175, 176, 177]",-beamUniform,1.0,-10.0,-10.0,-10.0,-10.0
2002,GWT = -5.0m surcharge on Roof and w/o int LL,2,Roof,"[170, 171, 172, 173, 174, 175, 176, 177]",-beamUniform,1.0,-40.0,-40.0,-40.0,-40.0
2002,GWT = -5.0m surcharge on Roof and w/o int LL,2,Base_Slab_159_164,"[159, 160, 161, 162, 163]",-beamUniform,1.0,-6.4,-6.4,-6.4,-6.4
2002,GWT = -5.0m surcharge on Roof and w/o int LL,2,Base_Slab_166_169,"[166, 167, 168]",-beamUniform,1.0,-13.9,-13.9,-13.9,-13.9
2002,GWT = -5.0m surcharge on Roof and w/o int LL,2,Base_Slab_Pts,"[162, 164]",-nodal,1.0,-93.0,-93.0,-93.0,-93.0
2002,GWT = -5.0m surcharge on Roof and w/o int LL,2,Cant_Beam_Pts,"[179, 180]",-nodal,1.0,-450.0,-450.0,-250.0,-250.0
2002,GWT = -5.0m surcharge on Roof and w/o int LL,2,Roof_slab_joints,[175],-nodal,1.0,-350.0,-350.0,0.0,0.0
2002,GWT = -5.0m surcharge on Roof and w/o int LL,9,Roof,"[170, 171, 172, 173, 174, 175, 176, 177]",-beamUniform,1.0,,,,
2002,GWT = -5.0m surcharge on Roof and w/o int LL,10,Wall_left_19_48,"[1, 2, 3, 4, 5, 6, 7, 8, 9, 10, 11, 12, 13, 14, 15, 16, 17, 18, 19, 20, 21, 22, 23, 24, 25, 26, 27, 28, 29, 30, 31, 32, 33, 34, 35, 36, 37, 38, 39, 40, 41, 42, 43, 44, 45, 46, 47]",-beamUniform,1.0,0.0,0.0,54.68,54.68
2002,GWT = -5.0m surcharge on Roof and w/o int LL,11,Wall_right_98_122,"[81, 82, 83, 84, 85, 86, 87, 88, 89, 90, 91, 92, 93, 94, 95, 96, 97, 98, 99, 100, 101, 102, 103, 104, 105, 106, 107, 108, 109, 110, 111, 112, 113, 114, 115, 116, 117, 118, 119, 120, 121]",-beamUniform,1.0,0.0,0.0,-51.93,-51.93
2002,GWT = -5.0m surcharge on Roof and w/o int LL,11,Wall_right_165,165,-beamUniform,1.0,-51.93,-51.93,-61.0,-61.0
2002,GWT = -5.0m surcharge on Roof and w/o int LL,30,Base_Slab,"[159, 160, 161, 162, 163, 164, 165, 166, 167, 168]",-beamUniform,1.0,,,,
2002,GWT = -5.0m surcharge on Roof and w/o int LL,31,Base_Slab_166_169,"[166, 167, 168]",-beamUniform,1.0,71.5,71.5,71.5,71.5
2002,GWT = -5.0m surcharge on Roof and w/o int LL,31,Base_Slab_159_164,"[159, 160, 161, 162, 163]",-beamUniform,1.0,80.7,80.7,80.7,80.7
2002,GWT = -5.0m surcharge on Roof and w/o int LL,32,Wall_left_19_48a,"[19, 20, 21, 22, 23, 24, 25, 26, 27, 28, 29, 30, 31, 32, 33, 34, 35, 36, 37, 38, 39, 40, 41, 42, 43, 44, 45, 46, 47]",-beamUniform,1.0,0.0,0.0,76.6,76.6
2002,GWT = -5.0m surcharge on Roof and w/o int LL,33,Wall_right_98_122a,"[98, 99, 100, 101, 102, 103, 104, 105, 106, 107, 108, 109, 110, 111, 112, 113, 114, 115, 116, 117, 118, 119, 120, 121]",-beamUniform,1.0,0.0,0.0,-67.55,-67.55
2002,GWT = -5.0m surcharge on Roof and w/o int LL,45,Roof,"[170, 171, 172, 173, 174, 175, 176, 177]",-beamUniform,1.0,-25.0,-25.0,-25.0,-25.0
2002,GWT = -5.0m surcharge on Roof and w/o int LL,45,Cant_Beam_Pts,"[179, 180]",-nodal,1.0,-150.0,-150.0,-110.0,-110.0
2002,GWT = -5.0m surcharge on Roof and w/o int LL,45,Roof_slab_joints,[175],-nodal,1.0,-220.0,-220.0,0.0,0.0
3001,"GWT = GL 1.5m top excavation, with int LL (no top surcharge)",1,Roof,"[170, 171, 172, 173, 174, 175, 176, 177]",-beamUniform,1.0,-10.0,-10.0,-10.0,-10.0
3001,"GWT = GL 1.5m top excavation, with int LL (no top surcharge)",2,Roof,"[170, 171, 172, 173, 174, 175, 176, 177]",-beamUniform,1.0,-40.0,-40.0,-40.0,-40.0
3001,"GWT = GL 1.5m top excavation, with int LL (no top surcharge)",2,Base_Slab_159_164,"[159, 160, 161, 162, 163]",-beamUniform,1.0,-6.4,-6.4,-6.4,-6.4
3001,"GWT = GL 1.5m top excavation, with int LL (no top surcharge)",2,Base_Slab_166_169,"[166, 167, 168]",-beamUniform,1.0,-13.9,-13.9,-13.9,-13.9
3001,"GWT = GL 1.5m top excavation, with int LL (no top surcharge)",2,Base_Slab_Pts,"[162, 164]",-nodal,1.0,-93.0,-93.0,-93.0,-93.0
3001,"GWT = GL 1.5m top excavation, with int LL (no top surcharge)",2,Cant_Beam_Pts,"[179, 180]",-nodal,1.0,-450.0,-450.0,-250.0,-250.0
3001,"GWT = GL 1.5m top excavation, with int LL (no top surcharge)",2,Roof_slab_joints,[175],-nodal,1.0,-350.0,-350.0,0.0,0.0
3001,"GWT = GL 1.5m top excavation, with int LL (no top surcharge)",4,Wall_left_19_48,"[1, 2, 3, 4, 5, 6, 7, 8, 9, 10, 11, 12, 13, 14, 15, 16, 17, 18, 19, 20, 21, 22, 23, 24, 25, 26, 27, 28, 29, 30, 31, 32, 33, 34, 35, 36, 37, 38, 39, 40, 41, 42, 43, 44, 45, 46, 47]",-beamUniform,1.0,0.0,0.0,114.2,114.2
3001,"GWT = GL 1.5m top excavation, with int LL (no top surcharge)",5,Wall_right_98_122,"[81, 82, 83, 84, 85, 86, 87, 88, 89, 90, 91, 92, 93, 94, 95, 96, 97, 98, 99, 100, 101, 102, 103, 104, 105, 106, 107, 108, 109, 110, 111, 112, 113, 114, 115, 116, 117, 118, 119, 120, 121]",-beamUniform,1.0,0.0,0.0,-105.8,-105.8
3001,"GWT = GL 1.5m top excavation, with int LL (no top surcharge)",5,Wall_right_165,165,-beamUniform,1.0,-101.7,-101.7,-105.8,-105.8
3001,"GWT = GL 1.5m top excavation, with int LL (no top surcharge)",12,Roof,"[170, 171, 172, 173, 174, 175, 176, 177]",-beamUniform,1.0,,,,
3001,"GWT = GL 1.5m top excavation, with int LL (no top surcharge)",23,Base_Slab_166_169,"[166, 167, 168]",-beamUniform,1.0,121.55,121.55,121.55,121.55
3001,"GWT = GL 1.5m top excavation, with int LL (no top surcharge)",23,Base_Slab_159_164,"[159, 160, 161, 162, 163]",-beamUniform,1.0,130.7,130.7,130.7,130.7
3001,"GWT = GL 1.5m top excavation, with int LL (no top surcharge)",24,Wall_left_19_48,"[1, 2, 3, 4, 5, 6, 7, 8, 9, 10, 11, 12, 13, 14, 15, 16, 17, 18, 19, 20, 21, 22, 23, 24, 25, 26, 27, 28, 29, 30, 31, 32, 33, 34, 35, 36, 37, 38, 39, 40, 41, 42, 43, 44, 45, 46, 47]",-beamUniform,1.0,0.0,0.0,126.7,126.7
3001,"GWT = GL 1.5m top excavation, with int LL (no top surcharge)",25,Wall_right_98_122,"[81, 82, 83, 84, 85, 86, 87, 88, 89, 90, 91, 92, 93, 94, 95, 96, 97, 98, 99, 100, 101, 102, 103, 104, 105, 106, 107, 108, 109, 110, 111, 112, 113, 114, 115, 116, 117, 118, 119, 120, 121]",-beamUniform,1.0,0.0,0.0,-117.55,-117.55
3001,"GWT = GL 1.5m top excavation, with int LL (no top surcharge)",34,Roof,"[170, 171, 172, 173, 174, 175, 176, 177]",-beamUniform,1.0,,,,
3001,"GWT = GL 1.5m top excavation, with int LL (no top surcharge)",43,Roof,"[170, 171, 172, 173, 174, 175, 176, 177]",-beamUniform,1.0,,,,
3001,"GWT = GL 1.5m top excavation, with int LL (no top surcharge)",44,Base_Slab,"[159, 160, 161, 162, 163, 164, 165, 166, 167, 168]",-beamUniform,1.0,-5.0,-5.0,-5.0,-5.0
3001,"GWT = GL 1.5m top excavation, with int LL (no top surcharge)",54,Wall_Right,"[80, 81, 82, 83, 84, 85, 86, 87, 88, 89, 90, 91, 92, 93, 94, 95, 96, 97, 98, 99, 100, 101, 102, 103, 104, 105, 106, 107, 108, 109, 110, 111, 112, 113, 114, 115, 116, 117, 118, 119, 120, 121, 122, 123, 124, 125, 126, 127, 128, 129, 130, 131, 132, 133, 134, 135, 136, 137, 138, 139, 140, 141, 142, 143, 144, 145, 146, 147, 148, 149, 150, 151, 152, 153, 154, 155, 156, 157]",-beamUniform,1.0,,,,
3001,"GWT = GL 1.5m top excavation, with int LL (no top surcharge)",46,Wall_left_19_48a,"[19, 20, 21, 22, 23, 24, 25, 26, 27, 28, 29, 30, 31, 32, 33, 34, 35, 36, 37, 38, 39, 40, 41, 42, 43, 44, 45, 46, 47]",-beamUniform,1.0,25.0,25.0,25.0,25.0
3001,"GWT = GL 1.5m top excavation, with int LL (no top surcharge)",47,Wall_right_98_122a,"[98, 99, 100, 101, 102, 103, 104, 105, 106, 107, 108, 109, 110, 111, 112, 113, 114, 115, 116, 117, 118, 119, 120, 121]",-beamUniform,1.0,-25.0,-25.0,-25.0,-25.0
3002,"GWT = GL 1.5m top excavation, no top surcharge w/o int LL",1,Roof,"[170, 171, 172, 173, 174, 175, 176, 177]",-beamUniform,1.0,-10.0,-10.0,-10.0,-10.0
3002,"GWT = GL 1.5m top excavation, no top surcharge w/o int LL",2,Roof,"[170, 171, 172, 173, 174, 175, 176, 177]",-beamUniform,1.0,-40.0,-40.0,-40.0,-40.0
3002,"GWT = GL 1.5m top excavation, no top surcharge w/o int LL",2,Base_Slab_159_164,"[159, 160, 161, 162, 163]",-beamUniform,1.0,-6.4,-6.4,-6.4,-6.4
3002,"GWT = GL 1.5m top excavation, no top surcharge w/o int LL",2,Base_Slab_166_169,"[166, 167, 168]",-beamUniform,1.0,-13.9,-13.9,-13.9,-13.9
3002,"GWT = GL 1.5m top excavation, no top surcharge w/o int LL",2,Base_Slab_Pts,"[162, 164]",-nodal,1.0,-93.0,-93.0,-93.0,-93.0
3002,"GWT = GL 1.5m top excavation, no top surcharge w/o int LL",2,Cant_Beam_Pts,"[179, 180]",-nodal,1.0,-450.0,-450.0,-250.0,-250.0
3002,"GWT = GL 1.5m top excavation, no top surcharge w/o int LL",2,Roof_slab_joints,[175],-nodal,1.0,-350.0,-350.0,0.0,0.0
3002,"GWT = GL 1.5m top excavation, no top surcharge w/o int LL",4,Wall_left_19_48,"[1, 2, 3, 4, 5, 6, 7, 8, 9, 10, 11, 12, 13, 14, 15, 16, 17, 18, 19, 20, 21, 22, 23, 24, 25, 26, 27, 28, 29, 30, 31, 32, 33, 34, 35, 36, 37, 38, 39, 40, 41, 42, 43, 44, 45, 46, 47]",-beamUniform,1.0,0.0,0.0,114.2,114.2
3002,"GWT = GL 1.5m top excavation, no top surcharge w/o int LL",5,Wall_right_98_122,"[81, 82, 83, 84, 85, 86, 87, 88, 89, 90, 91, 92, 93, 94, 95, 96, 97, 98, 99, 100, 101, 102, 103, 104, 105, 106, 107, 108, 109, 110, 111, 112, 113, 114, 115, 116, 117, 118, 119, 120, 121]",-beamUniform,1.0,0.0,0.0,-105.8,-105.8
3002,"GWT = GL 1.5m top excavation, no top surcharge w/o int LL",5,Wall_right_165,165,-beamUniform,1.0,-101.7,-101.7,-105.8,-105.8
3002,"GWT = GL 1.5m top excavation, no top surcharge w/o int LL",12,Roof,"[170, 171, 172, 173, 174, 175, 176, 177]",-beamUniform,1.0,,,,
3002,"GWT = GL 1.5m top excavation, no top surcharge w/o int LL",23,Base_Slab_166_169,"[166, 167, 168]",-beamUniform,1.0,121.55,121.55,121.55,121.55
3002,"GWT = GL 1.5m top excavation, no top surcharge w/o int LL",23,Base_Slab_159_164,"[159, 160, 161, 162, 163]",-beamUniform,1.0,130.7,130.7,130.7,130.7
3002,"GWT = GL 1.5m top excavation, no top surcharge w/o int LL",24,Wall_left_19_48,"[1, 2, 3, 4, 5, 6, 7, 8, 9, 10, 11, 12, 13, 14, 15, 16, 17, 18, 19, 20, 21, 22, 23, 24, 25, 26, 27, 28, 29, 30, 31, 32, 33, 34, 35, 36, 37, 38, 39, 40, 41, 42, 43, 44, 45, 46, 47]",-beamUniform,1.0,0.0,0.0,126.7,126.7
3002,"GWT = GL 1.5m top excavation, no top surcharge w/o int LL",25,Wall_right_98_122,"[81, 82, 83, 84, 85, 86, 87, 88, 89, 90, 91, 92, 93, 94, 95, 96, 97, 98, 99, 100, 101, 102, 103, 104, 105, 106, 107, 108, 109, 110, 111, 112, 113, 114, 115, 116, 117, 118, 119, 120, 121]",-beamUniform,1.0,0.0,0.0,-117.55,-117.55
3002,"GWT = GL 1.5m top excavation, no top surcharge w/o int LL",34,Roof,"[170, 171, 172, 173, 174, 175, 176, 177]",-beamUniform,1.0,,,,
3002,"GWT = GL 1.5m top excavation, no top surcharge w/o int LL",44,Base_Slab,"[159, 160, 161, 162, 163, 164, 165, 166, 167, 168]",-beamUniform,1.0,-5.0,-5.0,-5.0,-5.0
3002,"GWT = GL 1.5m top excavation, no top surcharge w/o int LL",54,Wall_Right,"[80, 81, 82, 83, 84, 85, 86, 87, 88, 89, 90, 91, 92, 93, 94, 95, 96, 97, 98, 99, 100, 101, 102, 103, 104, 105, 106, 107, 108, 109, 110, 111, 112, 113, 114, 115, 116, 117, 118, 119, 120, 121, 122, 123, 124, 125, 126, 127, 128, 129, 130, 131, 132, 133, 134, 135, 136, 137, 138, 139, 140, 141, 142, 143, 144, 145, 146, 147, 148, 149, 150, 151, 152, 153, 154, 155, 156, 157]",-beamUniform,1.0,,,,
3002,"GWT = GL 1.5m top excavation, no top surcharge w/o int LL",46,Wall_left_19_48a,"[19, 20, 21, 22, 23, 24, 25, 26, 27, 28, 29, 30, 31, 32, 33, 34, 35, 36, 37, 38, 39, 40, 41, 42, 43, 44, 45, 46, 47]",-beamUniform,1.0,25.0,25.0,25.0,25.0
3002,"GWT = GL 1.5m top excavation, no top surcharge w/o int LL",47,Wall_right_98_122a,"[98, 99, 100, 101, 102, 103, 104, 105, 106, 107, 108, 109, 110, 111, 112, 113, 114, 115, 116, 117, 118, 119, 120, 121]",-beamUniform,1.0,-25.0,-25.0,-25.0,-25.0
4001,GWT = -1.5m / -4.5m surcharge on top and int LL,1,Roof,"[170, 171, 172, 173, 174, 175, 176, 177]",-beamUniform,1.0,-10.0,-10.0,-10.0,-10.0
4001,GWT = -1.5m / -4.5m surcharge on top and int LL,2,Roof,"[170, 171, 172, 173, 174, 175, 176, 177]",-beamUniform,1.0,-40.0,-40.0,-40.0,-40.0
4001,GWT = -1.5m / -4.5m surcharge on top and int LL,2,Base_Slab_159_164,"[159, 160, 161, 162, 163]",-beamUniform,1.0,-6.4,-6.4,-6.4,-6.4
4001,GWT = -1.5m / -4.5m surcharge on top and int LL,2,Base_Slab_166_169,"[166, 167, 168]",-beamUniform,1.0,-13.9,-13.9,-13.9,-13.9
4001,GWT = -1.5m / -4.5m surcharge on top and int LL,2,Base_Slab_Pts,"[162, 164]",-nodal,1.0,-93.0,-93.0,-93.0,-93.0
4001,GWT = -1.5m / -4.5m surcharge on top and int LL,2,Cant_Beam_Pts,"[179, 180]",-nodal,1.0,-450.0,-450.0,-250.0,-250.0
4001,GWT = -1.5m / -4.5m surcharge on top and int LL,2,Roof_slab_joints,[175],-nodal,1.0,-350.0,-350.0,0.0,0.0
4001,GWT = -1.5m / -4.5m surcharge on top and int LL,13,Wall_left_19_48,"[1, 2, 3, 4, 5, 6, 7, 8, 9, 10, 11, 12, 13, 14, 15, 16, 17, 18, 19, 20, 21, 22, 23, 24, 25, 26, 27, 28, 29, 30, 31, 32, 33, 34, 35, 36, 37, 38, 39, 40, 41, 42, 43, 44, 45, 46, 47]",-beamUniform,1.0,0.0,0.0,129.03,129.03
4001,GWT = -1.5m / -4.5m surcharge on top and int LL,16,Wall_right_98_122,"[81, 82, 83, 84, 85, 86, 87, 88, 89, 90, 91, 92, 93, 94, 95, 96, 97, 98, 99, 100, 101, 102, 103, 104, 105, 106, 107, 108, 109, 110, 111, 112, 113, 114, 115, 116, 117, 118, 119, 120, 121]",-beamUniform,1.0,-29.4,-29.4,-50.27,-50.27
4001,GWT = -1.5m / -4.5m surcharge on top and int LL,16,Wall_right_165,165,-beamUniform,1.0,-50.0,-50.0,-50.27,-50.27
4001,GWT = -1.5m / -4.5m surcharge on top and int LL,17,Roof,"[170, 171, 172, 173, 174, 175, 176, 177]",-beamUniform,1.0,,,,
4001,GWT = -1.5m / -4.5m surcharge on top and int LL,35,Wall_left_19_48,"[1, 2, 3, 4, 5, 6, 7, 8, 9, 10, 11, 12, 13, 14, 15, 16, 17, 18, 19, 20, 21, 22, 23, 24, 25, 26, 27, 28, 29, 30, 31, 32, 33, 34, 35, 36, 37, 38, 39, 40, 41, 42, 43, 44, 45, 46, 47]",-beamUniform,1.0,0.0,0.0,111.7,111.7
4001,GWT = -1.5m / -4.5m surcharge on top and int LL,38,Wall_right_98_122a,"[98, 99, 100, 101, 102, 103, 104, 105, 106, 107, 108, 109, 110, 111, 112, 113, 114, 115, 116, 117, 118, 119, 120, 121]",-beamUniform,1.0,-3.0,-3.0,-72.55,-72.55
4001,GWT = -1.5m / -4.5m surcharge on top and int LL,39,Roof,"[170, 171, 172, 173, 174, 175, 176, 177]",-beamUniform,1.0,,,,
4001,GWT = -1.5m / -4.5m surcharge on top and int LL,40,Base_Slab_166_169,"[166, 167, 168]",-beamUniform,1.0,105.55,105.55,76.55,76.55
4001,GWT = -1.5m / -4.5m surcharge on top and int LL,40,Base_Slab_159_164,"[159, 160, 161, 162, 163]",-beamUniform,1.0,115.7,115.7,85.7,85.7
4001,GWT = -1.5m / -4.5m surcharge on top and int LL,43,Roof,"[170, 171, 172, 173, 174, 175, 176, 177]",-beamUniform,1.0,,,,
4001,GWT = -1.5m / -4.5m surcharge on top and int LL,44,Base_Slab,"[159, 160, 161, 162, 163, 164, 165, 166, 167, 168]",-beamUniform,1.0,-5.0,-5.0,-5.0,-5.0
4001,GWT = -1.5m / -4.5m surcharge on top and int LL,54,Wall_Right,"[80, 81, 82, 83, 84, 85, 86, 87, 88, 89, 90, 91, 92, 93, 94, 95, 96, 97, 98, 99, 100, 101, 102, 103, 104, 105, 106, 107, 108, 109, 110, 111, 112, 113, 114, 115, 116, 117, 118, 119, 120, 121, 122, 123, 124, 125, 126, 127, 128, 129, 130, 131, 132, 133, 134, 135, 136, 137, 138, 139, 140, 141, 142, 143, 144, 145, 146, 147, 148, 149, 150, 151, 152, 153, 154, 155, 156, 157]",-beamUniform,1.0,,,,
4001,GWT = -1.5m / -4.5m surcharge on top and int LL,45,Roof,"[170, 171, 172, 173, 174, 175, 176, 177]",-beamUniform,1.0,-25.0,-25.0,-25.0,-25.0
4001,GWT = -1.5m / -4.5m surcharge on top and int LL,45,Cant_Beam_Pts,"[179, 180]",-nodal,1.0,-150.0,-150.0,-110.0,-110.0
4001,GWT = -1.5m / -4.5m surcharge on top and int LL,45,Roof_slab_joints,[175],-nodal,1.0,-220.0,-220.0,0.0,0.0
4001,GWT = -1.5m / -4.5m surcharge on top and int LL,46,Wall_left_19_48a,"[19, 20, 21, 22, 23, 24, 25, 26, 27, 28, 29, 30, 31, 32, 33, 34, 35, 36, 37, 38, 39, 40, 41, 42, 43, 44, 45, 46, 47]",-beamUniform,1.0,25.0,25.0,25.0,25.0
4002,GWT = -1.5m/-4.5m w/o surcharge on top and int LL,1,Roof,"[170, 171, 172, 173, 174, 175, 176, 177]",-beamUniform,1.0,-10.0,-10.0,-10.0,-10.0
4002,GWT = -1.5m/-4.5m w/o surcharge on top and int LL,2,Roof,"[170, 171, 172, 173, 174, 175, 176, 177]",-beamUniform,1.0,-40.0,-40.0,-40.0,-40.0
4002,GWT = -1.5m/-4.5m w/o surcharge on top and int LL,2,Base_Slab_159_164,"[159, 160, 161, 162, 163]",-beamUniform,1.0,-6.4,-6.4,-6.4,-6.4
4002,GWT = -1.5m/-4.5m w/o surcharge on top and int LL,2,Base_Slab_166_169,"[166, 167, 168]",-beamUniform,1.0,-13.9,-13.9,-13.9,-13.9
4002,GWT = -1.5m/-4.5m w/o surcharge on top and int LL,2,Base_Slab_Pts,"[162, 164]",-nodal,1.0,-93.0,-93.0,-93.0,-93.0
4002,GWT = -1.5m/-4.5m w/o surcharge on top and int LL,2,Cant_Beam_Pts,"[179, 180]",-nodal,1.0,-450.0,-450.0,-250.0,-250.0
4002,GWT = -1.5m/-4.5m w/o surcharge on top and int LL,2,Roof_slab_joints,[175],-nodal,1.0,-350.0,-350.0,0.0,0.0
4002,GWT = -1.5m/-4.5m w/o surcharge on top and int LL,13,Wall_left_19_48,"[1, 2, 3, 4, 5, 6, 7, 8, 9, 10, 11, 12, 13, 14, 15, 16, 17, 18, 19, 20, 21, 22, 23, 24, 25, 26, 27, 28, 29, 30, 31, 32, 33, 34, 35, 36, 37, 38, 39, 40, 41, 42, 43, 44, 45, 46, 47]",-beamUniform,1.0,0.0,0.0,129.03,129.03
4002,GWT = -1.5m/-4.5m w/o surcharge on top and int LL,16,Wall_right_98_122,"[81, 82, 83, 84, 85, 86, 87, 88, 89, 90, 91, 92, 93, 94, 95, 96, 97, 98, 99, 100, 101, 102, 103, 104, 105, 106, 107, 108, 109, 110, 111, 112, 113, 114, 115, 116, 117, 118, 119, 120, 121]",-beamUniform,1.0,-29.4,-29.4,-50.27,-50.27
4002,GWT = -1.5m/-4.5m w/o surcharge on top and int LL,16,Wall_right_165,165,-beamUniform,1.0,-50.0,-50.0,-50.27,-50.27
4002,GWT = -1.5m/-4.5m w/o surcharge on top and int LL,17,Roof,"[170, 171, 172, 173, 174, 175, 176, 177]",-beamUniform,1.0,,,,
4002,GWT = -1.5m/-4.5m w/o surcharge on top and int LL,35,Wall_left_19_48,"[1, 2, 3, 4, 5, 6, 7, 8, 9, 10, 11, 12, 13, 14, 15, 16, 17, 18, 19, 20, 21, 22, 23, 24, 25, 26, 27, 28, 29, 30, 31, 32, 33, 34, 35, 36, 37, 38, 39, 40, 41, 42, 43, 44, 45, 46, 47]",-beamUniform,1.0,0.0,0.0,111.7,111.7
4002,GWT = -1.5m/-4.5m w/o surcharge on top and int LL,38,Wall_right_98_122a,"[98, 99, 100, 101, 102, 103, 104, 105, 106, 107, 108, 109, 110, 111, 112, 113, 114, 115, 116, 117, 118, 119, 120, 121]",-beamUniform,1.0,-3.0,-3.0,-72.55,-72.55
4002,GWT = -1.5m/-4.5m w/o surcharge on top and int LL,39,Roof,"[170, 171, 172, 173, 174, 175, 176, 177]",-beamUniform,1.0,,,,
4002,GWT = -1.5m/-4.5m w/o surcharge on top and int LL,40,Base_Slab_166_169,"[166, 167, 168]",-beamUniform,1.0,105.55,105.55,76.55,76.55
4002,GWT = -1.5m/-4.5m w/o surcharge on top and int LL,40,Base_Slab_159_164,"[159, 160, 161, 162, 163]",-beamUniform,1.0,115.7,115.7,85.7,85.7
4002,GWT = -1.5m/-4.5m w/o surcharge on top and int LL,46,Wall_left_19_48a,"[19, 20, 21, 22, 23, 24, 25, 26, 27, 28, 29, 30, 31, 32, 33, 34, 35, 36, 37, 38, 39, 40, 41, 42, 43, 44, 45, 46, 47]",-beamUniform,1.0,25.0,25.0,25.0,25.0
4003,GWT = -4.5m/-1.5m surcharge on top and int LL,1,Roof,"[170, 171, 172, 173, 174, 175, 176, 177]",-beamUniform,1.0,-10.0,-10.0,-10.0,-10.0
4003,GWT = -4.5m/-1.5m surcharge on top and int LL,2,Roof,"[170, 171, 172, 173, 174, 175, 176, 177]",-beamUniform,1.0,-40.0,-40.0,-40.0,-40.0
4003,GWT = -4.5m/-1.5m surcharge on top and int LL,2,Base_Slab_159_164,"[159, 160, 161, 162, 163]",-beamUniform,1.0,-6.4,-6.4,-6.4,-6.4
4003,GWT = -4.5m/-1.5m surcharge on top and int LL,2,Base_Slab_166_169,"[166, 167, 168]",-beamUniform,1.0,-13.9,-13.9,-13.9,-13.9
4003,GWT = -4.5m/-1.5m surcharge on top and int LL,2,Base_Slab_Pts,"[162, 164]",-nodal,1.0,-93.0,-93.0,-93.0,-93.0
4003,GWT = -4.5m/-1.5m surcharge on top and int LL,2,Cant_Beam_Pts,"[179, 180]",-nodal,1.0,-450.0,-450.0,-250.0,-250.0
4003,GWT = -4.5m/-1.5m surcharge on top and int LL,2,Roof_slab_joints,[175],-nodal,1.0,-350.0,-350.0,0.0,0.0
4003,GWT = -4.5m/-1.5m surcharge on top and int LL,14,Wall_right_98_122,"[81, 82, 83, 84, 85, 86, 87, 88, 89, 90, 91, 92, 93, 94, 95, 96, 97, 98, 99, 100, 101, 102, 103, 104, 105, 106, 107, 108, 109, 110, 111, 112, 113, 114, 115, 116, 117, 118, 119, 120, 121]",-beamUniform,1.0,0.0,0.0,-120.8,-120.8
4003,GWT = -4.5m/-1.5m surcharge on top and int LL,14,Wall_right_165,165,-beamUniform,1.0,-105.8,-105.8,-101.7,-101.7
4003,GWT = -4.5m/-1.5m surcharge on top and int LL,15,Wall_left_19_48,"[1, 2, 3, 4, 5, 6, 7, 8, 9, 10, 11, 12, 13, 14, 15, 16, 17, 18, 19, 20, 21, 22, 23, 24, 25, 26, 27, 28, 29, 30, 31, 32, 33, 34, 35, 36, 37, 38, 39, 40, 41, 42, 43, 44, 45, 46, 47]",-beamUniform,1.0,29.4,29.4,53.01,53.01
4003,GWT = -4.5m/-1.5m surcharge on top and int LL,18,Roof,"[170, 171, 172, 173, 174, 175, 176, 177]",-beamUniform,1.0,,,,
4003,GWT = -4.5m/-1.5m surcharge on top and int LL,36,Wall_right_98_122,"[81, 82, 83, 84, 85, 86, 87, 88, 89, 90, 91, 92, 93, 94, 95, 96, 97, 98, 99, 100, 101, 102, 103, 104, 105, 106, 107, 108, 109, 110, 111, 112, 113, 114, 115, 116, 117, 118, 119, 120, 121]",-beamUniform,1.0,0.0,0.0,-102.55,-102.55
4003,GWT = -4.5m/-1.5m surcharge on top and int LL,37,Wall_left_19_48a,"[19, 20, 21, 22, 23, 24, 25, 26, 27, 28, 29, 30, 31, 32, 33, 34, 35, 36, 37, 38, 39, 40, 41, 42, 43, 44, 45, 46, 47]",-beamUniform,1.0,3.0,3.0,81.7,81.7
4003,GWT = -4.5m/-1.5m surcharge on top and int LL,41,Roof,"[170, 171, 172, 173, 174, 175, 176, 177]",-beamUniform,1.0,,,,
4003,GWT = -4.5m/-1.5m surcharge on top and int LL,42,Base_Slab_166_169,"[166, 167, 168]",-beamUniform,1.0,76.55,76.55,106.55,106.55
4003,GWT = -4.5m/-1.5m surcharge on top and int LL,42,Base_Slab_159_164,"[159, 160, 161, 162, 163]",-beamUniform,1.0,85.7,85.7,115.7,115.7
4003,GWT = -4.5m/-1.5m surcharge on top and int LL,43,Roof,"[170, 171, 172, 173, 174, 175, 176, 177]",-beamUniform,1.0,,,,
4003,GWT = -4.5m/-1.5m surcharge on top and int LL,44,Base_Slab,"[159, 160, 161, 162, 163, 164, 165, 166, 167, 168]",-beamUniform,1.0,-5.0,-5.0,-5.0,-5.0
4003,GWT = -4.5m/-1.5m surcharge on top and int LL,54,Wall_Right,"[80, 81, 82, 83, 84, 85, 86, 87, 88, 89, 90, 91, 92, 93, 94, 95, 96, 97, 98, 99, 100, 101, 102, 103, 104, 105, 106, 107, 108, 109, 110, 111, 112, 113, 114, 115, 116, 117, 118, 119, 120, 121, 122, 123, 124, 125, 126, 127, 128, 129, 130, 131, 132, 133, 134, 135, 136, 137, 138, 139, 140, 141, 142, 143, 144, 145, 146, 147, 148, 149, 150, 151, 152, 153, 154, 155, 156, 157]",-beamUniform,1.0,,,,
4003,GWT = -4.5m/-1.5m surcharge on top and int LL,45,Roof,"[170, 171, 172, 173, 174, 175, 176, 177]",-beamUniform,1.0,-25.0,-25.0,-25.0,-25.0
4003,GWT = -4.5m/-1.5m surcharge on top and int LL,45,Cant_Beam_Pts,"[179, 180]",-nodal,1.0,-150.0,-150.0,-110.0,-110.0
4003,GWT = -4.5m/-1.5m surcharge on top and int LL,45,Roof_slab_joints,[175],-nodal,1.0,-220.0,-220.0,0.0,0.0
4003,GWT = -4.5m/-1.5m surcharge on top and int LL,47,Wall_right_98_122a,"[98, 99, 100, 101, 102, 103, 104, 105, 106, 107, 108, 109, 110, 111, 112, 113, 114, 115, 116, 117, 118, 119, 120, 121]",-beamUniform,1.0,-25.0,-25.0,-25.0,-25.0
4004,GWT = -4.5m/-1.5m w/o surcharge on top and int LL,1,Roof,"[170, 171, 172, 173, 174, 175, 176, 177]",-beamUniform,1.0,-10.0,-10.0,-10.0,-10.0
4004,GWT = -4.5m/-1.5m w/o surcharge on top and int LL,2,Roof,"[170, 171, 172, 173, 174, 175, 176, 177]",-beamUniform,1.0,-40.0,-40.0,-40.0,-40.0
4004,GWT = -4.5m/-1.5m w/o surcharge on top and int LL,2,Base_Slab_159_164,"[159, 160, 161, 162, 163]",-beamUniform,1.0,-6.4,-6.4,-6.4,-6.4
4004,GWT = -4.5m/-1.5m w/o surcharge on top and int LL,2,Base_Slab_166_169,"[166, 167, 168]",-beamUniform,1.0,-13.9,-13.9,-13.9,-13.9
4004,GWT = -4.5m/-1.5m w/o surcharge on top and int LL,2,Base_Slab_Pts,"[162, 164]",-nodal,1.0,-93.0,-93.0,-93.0,-93.0
4004,GWT = -4.5m/-1.5m w/o surcharge on top and int LL,2,Cant_Beam_Pts,"[179, 180]",-nodal,1.0,-450.0,-450.0,-250.0,-250.0
4004,GWT = -4.5m/-1.5m w/o surcharge on top and int LL,2,Roof_slab_joints,[175],-nodal,1.0,-350.0,-350.0,0.0,0.0
4004,GWT = -4.5m/-1.5m w/o surcharge on top and int LL,14,Wall_right_98_122,"[81, 82, 83, 84, 85, 86, 87, 88, 89, 90, 91, 92, 93, 94, 95, 96, 97, 98, 99, 100, 101, 102, 103, 104, 105, 106, 107, 108, 109, 110, 111, 112, 113, 114, 115, 116, 117, 118, 119, 120, 121]",-beamUniform,1.0,0.0,0.0,-120.8,-120.8
4004,GWT = -4.5m/-1.5m w/o surcharge on top and int LL,14,Wall_right_165,165,-beamUniform,1.0,-105.8,-105.8,-101.7,-101.7
4004,GWT = -4.5m/-1.5m w/o surcharge on top and int LL,15,Wall_left_19_48,"[1, 2, 3, 4, 5, 6, 7, 8, 9, 10, 11, 12, 13, 14, 15, 16, 17, 18, 19, 20, 21, 22, 23, 24, 25, 26, 27, 28, 29, 30, 31, 32, 33, 34, 35, 36, 37, 38, 39, 40, 41, 42, 43, 44, 45, 46, 47]",-beamUniform,1.0,29.4,29.4,53.01,53.01
4004,GWT = -4.5m/-1.5m w/o surcharge on top and int LL,18,Roof,"[170, 171, 172, 173, 174, 175, 176, 177]",-beamUniform,1.0,,,,
4004,GWT = -4.5m/-1.5m w/o surcharge on top and int LL,36,Wall_right_98_122,"[81, 82, 83, 84, 85, 86, 87, 88, 89, 90, 91, 92, 93, 94, 95, 96, 97, 98, 99, 100, 101, 102, 103, 104, 105, 106, 107, 108, 109, 110, 111, 112, 113, 114, 115, 116, 117, 118, 119, 120, 121]",-beamUniform,1.0,0.0,0.0,-102.55,-102.55
4004,GWT = -4.5m/-1.5m w/o surcharge on top and int LL,37,Wall_left_19_48a,"[19, 20, 21, 22, 23, 24, 25, 26, 27, 28, 29, 30, 31, 32, 33, 34, 35, 36, 37, 38, 39, 40, 41, 42, 43, 44, 45, 46, 47]",-beamUniform,1.0,3.0,3.0,81.7,81.7
4004,GWT = -4.5m/-1.5m w/o surcharge on top and int LL,41,Roof,"[170, 171, 172, 173, 174, 175, 176, 177]",-beamUniform,1.0,,,,
4004,GWT = -4.5m/-1.5m w/o surcharge on top and int LL,42,Base_Slab_166_169,"[166, 167, 168]",-beamUniform,1.0,76.55,76.55,106.55,106.55
4004,GWT = -4.5m/-1.5m w/o surcharge on top and int LL,42,Base_Slab_159_164,"[159, 160, 161, 162, 163]",-beamUniform,1.0,85.7,85.7,115.7,115.7
4004,GWT = -4.5m/-1.5m w/o surcharge on top and int LL,47,Wall_right_98_122a,"[98, 99, 100, 101, 102, 103, 104, 105, 106, 107, 108, 109, 110, 111, 112, 113, 114, 115, 116, 117, 118, 119, 120, 121]",-beamUniform,1.0,-25.0,-25.0,-25.0,-25.0
5001,GWT = GL Surcharge on Roof and int LL (alt),2,Roof,"[170, 171, 172, 173, 174, 175, 176, 177]",-beamUniform,1.0,-40.0,-40.0,-40.0,-40.0
5001,GWT = GL Surcharge on Roof and int LL (alt),2,Base_Slab_159_164,"[159, 160, 161, 162, 163]",-beamUniform,1.0,-6.4,-6.4,-6.4,-6.4
5001,GWT = GL Surcharge on Roof and int LL (alt),2,Base_Slab_166_169,"[166, 167, 168]",-beamUniform,1.0,-13.9,-13.9,-13.9,-13.9
5001,GWT = GL Surcharge on Roof and int LL (alt),2,Base_Slab_Pts,"[162, 164]",-nodal,1.0,-93.0,-93.0,-93.0,-93.0
5001,GWT = GL Surcharge on Roof and int LL (alt),2,Cant_Beam_Pts,"[179, 180]",-nodal,1.0,-450.0,-450.0,-250.0,-250.0
5001,GWT = GL Surcharge on Roof and int LL (alt),2,Roof_slab_joints,[175],-nodal,1.0,-350.0,-350.0,0.0,0.0
5001,GWT = GL Surcharge on Roof and int LL (alt),43,Roof,"[170, 171, 172, 173, 174, 175, 176, 177]",-beamUniform,1.0,,,,
5001,GWT = GL Surcharge on Roof and int LL (alt),54,Wall_Right,"[80, 81, 82, 83, 84, 85, 86, 87, 88, 89, 90, 91, 92, 93, 94, 95, 96, 97, 98, 99, 100, 101, 102, 103, 104, 105, 106, 107, 108, 109, 110, 111, 112, 113, 114, 115, 116, 117, 118, 119, 120, 121, 122, 123, 124, 125, 126, 127, 128, 129, 130, 131, 132, 133, 134, 135, 136, 137, 138, 139, 140, 141, 142, 143, 144, 145, 146, 147, 148, 149, 150, 151, 152, 153, 154, 155, 156, 157]",-beamUniform,1.0,,,,
5001,GWT = GL Surcharge on Roof and int LL (alt),45,Roof,"[170, 171, 172, 173, 174, 175, 176, 177]",-beamUniform,1.0,-25.0,-25.0,-25.0,-25.0
5001,GWT = GL Surcharge on Roof and int LL (alt),45,Cant_Beam_Pts,"[179, 180]",-nodal,1.0,-150.0,-150.0,-110.0,-110.0
5001,GWT = GL Surcharge on Roof and int LL (alt),45,Roof_slab_joints,[175],-nodal,1.0,-220.0,-220.0,0.0,0.0
5001,GWT = GL Surcharge on Roof and int LL (alt),46,Wall_left_19_48a,"[19, 20, 21, 22, 23, 24, 25, 26, 27, 28, 29, 30, 31, 32, 33, 34, 35, 36, 37, 38, 39, 40, 41, 42, 43, 44, 45, 46, 47]",-beamUniform,1.0,25.0,25.0,25.0,25.0
5001,GWT = GL Surcharge on Roof and int LL (alt),47,Wall_right_98_122a,"[98, 99, 100, 101, 102, 103, 104, 105, 106, 107, 108, 109, 110, 111, 112, 113, 114, 115, 116, 117, 118, 119, 120, 121]",-beamUniform,1.0,-25.0,-25.0,-25.0,-25.0
5001,GWT = GL Surcharge on Roof and int LL (alt),50,Roof,"[170, 171, 172, 173, 174, 175, 176, 177]",-beamUniform,1.0,,,,
5001,GWT = GL Surcharge on Roof and int LL (alt),51,Roof,"[170, 171, 172, 173, 174, 175, 176, 177]",-beamUniform,1.0,,,,
5002,GWT = +1.0m Surcharge on int LL (No surcharge on top),2,Roof,"[170, 171, 172, 173, 174, 175, 176, 177]",-beamUniform,1.0,-40.0,-40.0,-40.0,-40.0
5002,GWT = +1.0m Surcharge on int LL (No surcharge on top),2,Base_Slab_159_164,"[159, 160, 161, 162, 163]",-beamUniform,1.0,-6.4,-6.4,-6.4,-6.4
5002,GWT = +1.0m Surcharge on int LL (No surcharge on top),2,Base_Slab_166_169,"[166, 167, 168]",-beamUniform,1.0,-13.9,-13.9,-13.9,-13.9
5002,GWT = +1.0m Surcharge on int LL (No surcharge on top),2,Base_Slab_Pts,"[162, 164]",-nodal,1.0,-93.0,-93.0,-93.0,-93.0
5002,GWT = +1.0m Surcharge on int LL (No surcharge on top),2,Cant_Beam_Pts,"[179, 180]",-nodal,1.0,-450.0,-450.0,-250.0,-250.0
5002,GWT = +1.0m Surcharge on int LL (No surcharge on top),2,Roof_slab_joints,[175],-nodal,1.0,-350.0,-350.0,0.0,0.0
5002,GWT = +1.0m Surcharge on int LL (No surcharge on top),26,Roof,"[170, 171, 172, 173, 174, 175, 176, 177]",-beamUniform,1.0,,,,
5002,GWT = +1.0m Surcharge on int LL (No surcharge on top),27,Base_Slab_166_169,"[166, 167, 168]",-beamUniform,1.0,131.5,131.5,131.5,131.5
5002,GWT = +1.0m Surcharge on int LL (No surcharge on top),27,Base_Slab_159_164,"[159, 160, 161, 162, 163]",-beamUniform,1.0,140.7,140.7,140.7,140.7
5002,GWT = +1.0m Surcharge on int LL (No surcharge on top),28,Wall_left_19_48,"[1, 2, 3, 4, 5, 6, 7, 8, 9, 10, 11, 12, 13, 14, 15, 16, 17, 18, 19, 20, 21, 22, 23, 24, 25, 26, 27, 28, 29, 30, 31, 32, 33, 34, 35, 36, 37, 38, 39, 40, 41, 42, 43, 44, 45, 46, 47]",-beamUniform,1.0,0.0,0.0,136.7,136.7
5002,GWT = +1.0m Surcharge on int LL (No surcharge on top),29,Wall_right_98_122,"[81, 82, 83, 84, 85, 86, 87, 88, 89, 90, 91, 92, 93, 94, 95, 96, 97, 98, 99, 100, 101, 102, 103, 104, 105, 106, 107, 108, 109, 110, 111, 112, 113, 114, 115, 116, 117, 118, 119, 120, 121]",-beamUniform,1.0,0.0,0.0,-127.55,-127.55
5002,GWT = +1.0m Surcharge on int LL (No surcharge on top),43,Roof,"[170, 171, 172, 173, 174, 175, 176, 177]",-beamUniform,1.0,,,,
5002,GWT = +1.0m Surcharge on int LL (No surcharge on top),54,Wall_Right,"[80, 81, 82, 83, 84, 85, 86, 87, 88, 89, 90, 91, 92, 93, 94, 95, 96, 97, 98, 99, 100, 101, 102, 103, 104, 105, 106, 107, 108, 109, 110, 111, 112, 113, 114, 115, 116, 117, 118, 119, 120, 121, 122, 123, 124, 125, 126, 127, 128, 129, 130, 131, 132, 133, 134, 135, 136, 137, 138, 139, 140, 141, 142, 143, 144, 145, 146, 147, 148, 149, 150, 151, 152, 153, 154, 155, 156, 157]",-beamUniform,1.0,,,,
5002,GWT = +1.0m Surcharge on int LL (No surcharge on top),50,Roof,"[170, 171, 172, 173, 174, 175, 176, 177]",-beamUniform,1.0,,,,
5002,GWT = +1.0m Surcharge on int LL (No surcharge on top),51,Roof,"[170, 171, 172, 173, 174, 175, 176, 177]",-beamUniform,1.0,,,,
6001,1.5m top excavation (no surcharge on top) with int LL,2,Roof,"[170, 171, 172, 173, 174, 175, 176, 177]",-beamUniform,1.0,-40.0,-40.0,-40.0,-40.0
6001,1.5m top excavation (no surcharge on top) with int LL,2,Base_Slab_159_164,"[159, 160, 161, 162, 163]",-beamUniform,1.0,-6.4,-6.4,-6.4,-6.4
6001,1.5m top excavation (no surcharge on top) with int LL,2,Base_Slab_166_169,"[166, 167, 168]",-beamUniform,1.0,-13.9,-13.9,-13.9,-13.9
6001,1.5m top excavation (no surcharge on top) with int LL,2,Base_Slab_Pts,"[162, 164]",-nodal,1.0,-93.0,-93.0,-93.0,-93.0
6001,1.5m top excavation (no surcharge on top) with int LL,2,Cant_Beam_Pts,"[179, 180]",-nodal,1.0,-450.0,-450.0,-250.0,-250.0
6001,1.5m top excavation (no surcharge on top) with int LL,2,Roof_slab_joints,[175],-nodal,1.0,-350.0,-350.0,0.0,0.0
6001,1.5m top excavation (no surcharge on top) with int LL,12,Roof,"[170, 171, 172, 173, 174, 175, 176, 177]",-beamUniform,1.0,,,,
6001,1.5m top excavation (no surcharge on top) with int LL,34,Roof,"[170, 171, 172, 173, 174, 175, 176, 177]",-beamUniform,1.0,,,,
6001,1.5m top excavation (no surcharge on top) with int LL,43,Roof,"[170, 171, 172, 173, 174, 175, 176, 177]",-beamUniform,1.0,,,,
6001,1.5m top excavation (no surcharge on top) with int LL,44,Base_Slab,"[159, 160, 161, 162, 163, 164, 165, 166, 167, 168]",-beamUniform,1.0,-5.0,-5.0,-5.0,-5.0
6001,1.5m top excavation (no surcharge on top) with int LL,54,Wall_Right,"[80, 81, 82, 83, 84, 85, 86, 87, 88, 89, 90, 91, 92, 93, 94, 95, 96, 97, 98, 99, 100, 101, 102, 103, 104, 105, 106, 107, 108, 109, 110, 111, 112, 113, 114, 115, 116, 117, 118, 119, 120, 121, 122, 123, 124, 125, 126, 127, 128, 129, 130, 131, 132, 133, 134, 135, 136, 137, 138, 139, 140, 141, 142, 143, 144, 145, 146, 147, 148, 149, 150, 151, 152, 153, 154, 155, 156, 157]",-beamUniform,1.0,,,,
6001,1.5m top excavation (no surcharge on top) with int LL,46,Wall_left_19_48a,"[19, 20, 21, 22, 23, 24, 25, 26, 27, 28, 29, 30, 31, 32, 33, 34, 35, 36, 37, 38, 39, 40, 41, 42, 43, 44, 45, 46, 47]",-beamUniform,1.0,25.0,25.0,25.0,25.0
6001,1.5m top excavation (no surcharge on top) with int LL,47,Wall_right_98_122a,"[98, 99, 100, 101, 102, 103, 104, 105, 106, 107, 108, 109, 110, 111, 112, 113, 114, 115, 116, 117, 118, 119, 120, 121]",-beamUniform,1.0,-25.0,-25.0,-25.0,-25.0
6001,1.5m top excavation (no surcharge on top) with int LL,50,Roof,"[170, 171, 172, 173, 174, 175, 176, 177]",-beamUniform,1.0,,,,
6001,1.5m top excavation (no surcharge on top) with int LL,51,Roof,"[170, 171, 172, 173, 174, 175, 176, 177]",-beamUniform,1.0,,,,
